Price,Close,High,Low,Open,Volume
Ticker,INFY.NS,INFY.NS,INFY.NS,INFY.NS,INFY.NS
Date,,,,,
2021-01-01,1126.5863037109375,1131.1000218776505,1122.4302352457107,1124.3071869890505,4253550
2021-01-04,1151.43408203125,1152.9982269127208,1127.2122031165493,1134.228488335072,7208454
2021-01-05,1156.39453125,1161.0422317222406,1139.635838528836,1145.847683655052,8145280
2021-01-06,1145.93701171875,1163.723592285339,1133.3792304300039,1161.9359984415828,7161715
2021-01-07,1128.10595703125,1159.8357519842716,1122.1621848878476,1158.36096504552,10954918
2021-01-08,1172.7510986328125,1176.9520102714005,1142.4960900239034,1142.4960900239034,13186251
2021-01-11,1230.0433349609375,1236.4340050578492,1197.6879285921466,1199.564880390367,20528626
2021-01-12,1226.0660400390625,1231.6522713131606,1215.563925243758,1231.6522713131606,8309868
2021-01-13,1239.8304443359375,1244.8804188567215,1215.563835648649,1227.9429014184154,14442997
2021-01-14,1224.9488525390625,1237.015112669874,1178.4266726144992,1215.5639835484312,27521697
2021-01-15,1202.1123046875,1219.5413472485125,1197.6880529106004,1215.5639939988182,15018441
2021-01-18,1172.7064208984375,1197.6880039046125,1167.2989052980774,1195.9004098689338,8861765
2021-01-19,1176.8179931640625,1189.6439599417652,1172.6618147585243,1179.8121916777836,5585744
2021-01-20,1197.1962890625,1205.1958372822824,1180.3036138790897,1180.3036138790897,8225838
2021-01-21,1197.4197998046875,1216.502453080143,1193.2189975381832,1206.6259525667022,6142421
2021-01-22,1198.44775390625,1211.9888010489208,1185.6665215417304,1186.0686865722107,9646591
2021-01-25,1184.370361328125,1204.74897619975,1173.5554396461278,1202.1569431256983,6542611
2021-01-27,1162.8299560546875,1186.5603112522729,1148.6185612117415,1179.4545592777574,8133665
2021-01-28,1140.66357421875,1158.762961667182,1137.4013027783317,1154.6068933157298,4660690
2021-01-29,1107.459228515625,1154.0260308999643,1100.2641189450792,1149.6464037312007,12183519
2021-02-01,1126.988525390625,1142.2276969686686,1109.2019453799985,1117.7377493595554,8880279
2021-02-02,1136.2393798828125,1156.930801227557,1129.4018113507984,1144.0601032448378,6892490
2021-02-03,1148.2161865234375,1165.5111343725534,1137.8034310247397,1141.9596083481247,8182968
2021-02-04,1143.4791259765625,1156.0370169841067,1136.954473592141,1148.5291006527877,5032240
2021-02-05,1136.9991455078125,1151.8808874265274,1127.9718176002152,1149.780486291039,5477481
2021-02-08,1165.109130859375,1170.874077905869,1140.0380811976609,1148.976051258011,6921922
2021-02-09,1166.8968505859375,1190.53774030006,1160.014547434362,1168.1034548528612,7965949
2021-02-10,1158.8077392578125,1165.8240234552434,1147.277736845448,1158.182125038706,5951207
2021-02-11,1155.3665771484375,1158.360774922897,1146.7861487850369,1152.1041966632824,4673317
2021-02-12,1170.6953125,1183.1637365629929,1163.3214875129217,1166.4050434105427,5797875
2021-02-15,1170.5611572265625,1187.319849464069,1168.281931439834,1179.8119335204522,4363513
2021-02-16,1153.3558349609375,1179.5887588276066,1149.4231057793538,1174.4494253453117,6896421
2021-02-17,1145.2220458984375,1157.020121689225,1139.5910816174292,1153.3555761107282,4575741
2021-02-18,1155.1878662109375,1167.2988589643692,1139.5911525111567,1140.4849494935186,6437551
2021-02-19,1154.16015625,1161.4892483028984,1141.200099227767,1158.450316559227,5389696
2021-02-22,1130.83203125,1169.5782222707137,1126.1843300383096,1157.4672280949292,7371303
2021-02-23,1131.85986328125,1153.891982206566,1123.9945147685894,1136.1501327289443,6612942
2021-02-24,1138.9652099609375,1141.0208769641802,1119.0334993571264,1126.22860663359,4537258
2021-02-25,1139.1890869140625,1161.712729192498,1136.9098607677304,1151.612778768086,8788221
2021-02-26,1120.1956787109375,1138.9654132808241,1112.5536717079149,1134.2282461517125,15132388
2021-03-01,1132.4407958984375,1148.0822433555982,1125.2904199180211,1129.1337906499264,5756286
2021-03-02,1165.9581298828125,1170.8740131441045,1143.3450232384396,1146.0711475984947,10461434
2021-03-03,1200.86083984375,1203.9443954323872,1169.0863171681979,1179.0967985657444,9056399
2021-03-04,1189.0628662109375,1219.0050669468922,1185.085513039192,1193.2190442537121,12041941
2021-03-05,1176.8623046875,1197.6878155708214,1166.4496583519035,1187.4091514819672,6486176
2021-03-08,1193.8892822265625,1203.1400588863846,1177.309305074642,1184.1022492151415,5119392
2021-03-09,1202.648681640625,1207.0281999640133,1178.6948767122094,1188.303195138489,6518173
2021-03-10,1222.8485107421875,1228.0772018984849,1211.095057185187,1212.7932934777348,7925984
2021-03-12,1228.836669921875,1243.8971261570825,1224.5465101825002,1227.183167446093,9462061
2021-03-15,1227.7196044921875,1233.3505695424365,1214.2232908756262,1224.5019569375104,6658635
2021-03-16,1237.0150146484375,1256.6785481182826,1233.8867252327802,1238.8473420914672,9352771
2021-03-17,1239.6964111328125,1251.3157718716204,1235.227426233271,1244.388845277331,7626744
2021-03-18,1195.0958251953125,1245.7294419110638,1174.0022399642562,1245.7294419110638,10961755
2021-03-19,1201.665283203125,1211.273600554897,1178.0243971753812,1188.7499607308475,12767112
2021-03-22,1225.2169189453125,1229.8646195044985,1194.2020989055006,1206.7152563713894,4862758
2021-03-23,1225.8873291015625,1236.3447104453664,1215.206389399836,1226.691659123332,7165335
2021-03-24,1209.977783203125,1224.9041506258734,1203.2743051798388,1213.6423293679704,6134303
2021-03-25,1192.1463623046875,1208.860320880722,1186.604755998562,1203.7209886477726,8749994
2021-03-26,1194.2913818359375,1212.614218404046,1190.5374784741666,1201.8886555349093,4922071
2021-03-30,1238.1771240234375,1251.3158973026807,1194.246976236201,1203.8552947333465,10546381
2021-03-31,1222.7586669921875,1240.5898682135003,1218.5131325008228,1235.2270878033555,8220987
2021-04-01,1238.087646484375,1243.8079695016734,1225.3957718480046,1233.4399454049938,5675155
2021-04-05,1260.164306640625,1273.660618389716,1239.696335232657,1243.2715229334,9479572
2021-04-06,1261.1922607421875,1274.5544818286055,1257.080707386912,1271.8730909131175,5793571
2021-04-07,1278.3084716796875,1282.5540075822048,1257.2148835431346,1260.4772645315486,5879234
2021-04-08,1286.93359375,1297.5250664209318,1270.0855420541707,1278.1297150861817,5654434
2021-04-09,1288.0062255859375,1300.4746502396172,1278.174458470724,1300.4746502396172,6052712
2021-04-12,1274.3310546875,1320.6297822736885,1264.7227370736891,1317.4567593262318,20384532
2021-04-13,1248.7685546875,1282.8222000474773,1228.970928455169,1280.8111567100052,14855206
2021-04-15,1216.2342529296875,1221.2842277393672,1179.8120256235072,1190.8057722319757,25342491
2021-04-16,1209.977783203125,1225.2616912749995,1203.5871123330414,1220.033000238054,10879878
2021-04-19,1217.843017578125,1233.1715472269593,1190.8502855607005,1197.6878537109355,12508028
2021-04-20,1207.83251953125,1232.5460276945644,1199.83308025282,1232.5460276945644,8560766
2021-04-22,1207.609130859375,1219.854215486464,1202.2910822373938,1211.586593058594,6622446
2021-04-23,1192.1463623046875,1205.1957753706151,1189.6436873140415,1200.3692502349795,7316262
2021-04-26,1200.86083984375,1207.7877656526596,1180.7056765895943,1190.7608914734951,7088606
2021-04-27,1205.28515625,1209.3072424221357,1197.8219737295844,1203.0506639321468,3636115
2021-04-28,1211.9886474609375,1215.116936742732,1201.7993405504499,1213.7762413362486,4879234
2021-04-29,1212.301513671875,1223.6080673056665,1207.8772622572108,1222.7142703244351,5412357
2021-04-30,1210.5137939453125,1227.98756675541,1202.9612538809959,1203.3187944575577,8354677
2021-05-03,1208.4583740234375,1216.457814169997,1195.9004815278881,1198.4031569702322,4560337
2021-05-04,1188.2137451171875,1211.0501928401,1183.4765774086598,1210.2011293386083,4887060
2021-05-05,1199.0286865234375,1201.1738211643749,1186.7837111532933,1198.6711458989346,3939788
2021-05-06,1216.9940185546875,1219.7647675363244,1195.3641739942,1202.1570096251403,4810090
2021-05-07,1208.9051513671875,1227.2279894939536,1205.2852299484932,1220.3010628850543,4991435
2021-05-10,1197.28564453125,1209.2178109612155,1193.2635586038864,1206.4916868569103,7195348
2021-05-11,1189.3310546875,1198.5818322426528,1184.3704374664335,1194.9172861949696,6420988
2021-05-12,1186.0687255859375,1188.7501168269005,1174.8962620819254,1188.7501168269005,5241898
2021-05-14,1176.59423828125,1185.9343720636246,1172.035896000407,1185.9343720636246,4824609
2021-05-17,1188.2137451171875,1193.1742529680378,1180.080214296615,1180.080214296615,5017129
2021-05-18,1197.6878662109375,1201.7993101991044,1188.302998602568,1195.9002723807719,5620150
2021-05-19,1195.0064697265625,1213.2845729097958,1191.654731311099,1199.4754542805138,4435878
2021-05-20,1197.0621337890625,1205.8212772281659,1193.2187637913562,1205.1956630918219,4490092
2021-05-21,1210.6480712890625,1213.3294623661147,1203.363603708521,1204.3914921092742,4969733
2021-05-24,1204.883056640625,1218.245277783865,1202.2462900988705,1212.569688809829,4225371
2021-05-25,1216.9940185546875,1222.7143413882468,1210.6033479462442,1213.7763710564614,4099340
2021-05-26,1248.8577880859375,1251.3157296978438,1217.3961790959636,1222.6248694309866,6850024
2021-05-27,1253.3267822265625,1265.8399396173072,1243.8971806932502,1255.0696426492725,15365391
2021-05-28,1255.82958984375,1263.8290298058153,1247.8300407755994,1260.0303923399915,4261312
2021-05-31,1259.1719970703125,1266.1736709553672,1249.4599978103981,1266.1736709553672,4429904
2021-06-01,1253.254638671875,1265.7221817921986,1245.5302761093753,1264.8187398351733,4791325
2021-06-02,1245.5302734375,1257.545985270093,1233.198268693873,1247.4274794864946,9272276
2021-06-03,1255.468017578125,1263.9151770118324,1244.0846720648692,1254.0676385652753,5115645
2021-06-04,1251.854248046875,1262.0179690748328,1244.6267130936606,1259.3527493907761,4194328
2021-06-07,1255.468017578125,1257.59108391742,1244.3105325325266,1256.6876420467897,5154576
2021-06-08,1276.5181884765625,1284.4685213098428,1260.798387643496,1261.2048923851173,7360630
2021-06-09,1278.641357421875,1287.4046996853065,1268.9744629804932,1276.9247957656078,5394317
2021-06-10,1286.7723388671875,1291.0184716725405,1281.9840526965256,1286.501262184533,3496575
2021-06-11,1307.190185546875,1311.4363186181026,1291.425057276524,1292.0123166034236,6140828
2021-06-14,1320.6513671875,1334.3836394722166,1313.107539360489,1328.9629882624447,7132294
2021-06-15,1331.5830078125,1333.4802137021377,1321.7354692725119,1322.6389111517137,5403104
2021-06-16,1337.6361083984375,1345.6315474754304,1325.8010410934057,1330.4988950472773,7661710
2021-06-17,1350.9168701171875,1357.557146777229,1332.667275501137,1332.667275501137,7677951
2021-06-18,1358.144287109375,1369.4373111481232,1343.7795384754,1363.2938619576692,13533974
2021-06-21,1355.433837890625,1360.4027680151166,1340.8883360267344,1348.838668339292,5454052
2021-06-22,1365.86865234375,1374.5416727676286,1357.0600935744249,1363.9262301481856,6427862
2021-06-23,1358.0087890625,1377.7489736113248,1353.943300287909,1377.7489736113248,5529809
2021-06-24,1408.6466064453125,1417.2745209491673,1365.2813940114895,1370.5214012939516,10785137
2021-06-25,1422.1981201171875,1425.6312432701197,1394.0107784320626,1420.2105921550242,9780240
2021-06-28,1420.030029296875,1427.5737471411182,1409.9114137986196,1421.0237933349213,5019178
2021-06-29,1412.1248779296875,1421.7013398232602,1408.6465384568564,1410.2727779580096,5913567
2021-06-30,1428.1611328125,1437.3761969384507,1420.2560154503308,1420.2560154503308,6058722
2021-07-01,1409.7308349609375,1424.5924108631182,1408.5112103902093,1424.5924108631182,4814317
2021-07-02,1416.4161376953125,1417.906728480187,1393.6493375296805,1408.4205893153633,5166064
2021-07-05,1426.489501953125,1431.9553694008036,1410.3179806453124,1417.635837763482,4058338
2021-07-06,1411.3570556640625,1433.5366009933782,1406.7495234966675,1421.7466387183708,4089574
2021-07-07,1413.5252685546875,1418.9008143867354,1395.5016455661234,1414.8353255667487,4797120
2021-07-08,1410.0469970703125,1423.824486549936,1399.4315543565042,1416.5969510852153,3326813
2021-07-09,1411.989501953125,1418.3135958550222,1401.2385202632108,1405.7557301931374,3436594
2021-07-12,1398.392578125,1425.6313745432074,1385.654068888241,1418.9007762355775,4588982
2021-07-13,1395.772705078125,1406.117182380104,1387.9580198296871,1406.117182380104,4456160
2021-07-14,1424.6376953125,1429.9680251072887,1389.5841020061953,1403.9488516960682,5657716
2021-07-15,1428.1611328125,1442.661310489612,1405.7557274897733,1407.4722893165335,10021355
2021-07-16,1405.258544921875,1422.6046941608024,1399.9734322935133,1421.791574460264,6265593
2021-07-19,1392.83642578125,1402.955041904497,1389.0872298735662,1395.5467516615665,5669162
2021-07-20,1400.38037109375,1407.2916144378412,1389.4938504537324,1389.7649271777348,5069939
2021-07-22,1436.6531982421875,1439.0473412221802,1410.6341389061204,1410.6341389061204,7854575
2021-07-23,1436.879150390625,1444.1519019237599,1432.0006522736846,1435.1626989779281,4179719
2021-07-26,1449.030517578125,1456.0321924582865,1440.1767426485458,1440.1767426485458,4586710
2021-07-27,1447.8109130859375,1453.9091461305006,1443.609886042995,1450.0243017072553,5892859
2021-07-28,1450.56640625,1452.3732901915878,1432.4072446937312,1450.114685264603,4686788
2021-07-29,1460.8656005859375,1463.575926375522,1445.5974099145915,1445.5974099145915,4660873
2021-07-30,1454.9931640625,1466.647586501929,1451.0632138970993,1454.5414431174324,6234257
2021-08-02,1474.0107421875,1476.9017122838247,1462.8531459951844,1470.3065420045689,5553389
2021-08-03,1495.376953125,1498.4938937757702,1477.6695143637357,1487.9687738349446,5513668
2021-08-04,1490.001708984375,1517.692228164224,1480.7866447566043,1507.9350105131577,6740391
2021-08-05,1493.886474609375,1505.1342827288765,1488.0141019576715,1490.2274906130142,5420536
2021-08-06,1490.8599853515625,1500.3010206816791,1485.2586889106567,1497.0034352341595,3754855
2021-08-09,1502.695068359375,1506.444264297005,1487.4268770549515,1500.617107721158,5018477
2021-08-10,1515.2979736328125,1517.78243893464,1500.6622585136038,1506.9411357993927,6846517
2021-08-11,1515.5689697265625,1521.3961257384942,1506.9410556602188,1513.0845045568587,4899639
2021-08-12,1526.4554443359375,1532.68921563393,1512.3617724557612,1517.0145203954517,5659579
2021-08-13,1546.8731689453125,1556.1786645798313,1527.991321561193,1533.140896250783,5612790
2021-08-16,1539.82666015625,1553.875117937391,1526.9073946600806,1542.807952766821,4564109
2021-08-17,1573.4796142578125,1580.0295680622269,1523.699987400951,1539.3746823796553,9510390
2021-08-18,1566.0714111328125,1585.992350332969,1560.2442546425732,1562.051138550671,6686090
2021-08-20,1565.61962890625,1576.5061481400187,1550.3966546327601,1550.3966546327601,6206972
2021-08-23,1570.859619140625,1583.8692046858096,1564.7613862553917,1568.1492934138546,6189051
2021-08-24,1554.68798828125,1587.347435374237,1547.3249146603625,1581.0233420062123,7602939
2021-08-25,1567.9688720703125,1578.2229171377678,1552.113420201094,1552.113420201094,6153253
2021-08-26,1560.8768310546875,1577.409865163773,1553.9203711808073,1566.568560248558,5302248
2021-08-27,1543.8016357421875,1560.8766002318355,1540.5491565218354,1558.4373511000115,6698514
2021-08-30,1534.0897216796875,1552.700604695208,1527.178368370454,1538.6069316486703,6559667
2021-08-31,1541.6783447265625,1549.4028168774294,1523.0674641432051,1535.986727079521,12255438
2021-09-01,1515.7496337890625,1544.4339138503367,1511.5938231439584,1544.4339138503367,7801974
2021-09-02,1526.0037841796875,1530.7017485158938,1502.107788582596,1515.3883412081184,6830050
2021-09-03,1536.4383544921875,1541.2265299720357,1521.7574249052195,1532.2825441734847,5339139
2021-09-06,1563.31591796875,1564.7614029817917,1535.264002283444,1540.504009524587,4876026
2021-09-07,1541.8590087890625,1567.381240280692,1539.464865902189,1562.9543532927155,3520341
2021-09-08,1529.753173828125,1536.619311004327,1520.447677070169,1536.619311004327,4584896
2021-09-09,1528.2623291015625,1531.2437315495451,1519.7248470749248,1523.1127542733425,3331674
2021-09-13,1528.5333251953125,1537.2063451092693,1513.4457797638227,1520.4926704783427,4662374
2021-09-14,1523.3387451171875,1532.192410516667,1516.5177139272694,1532.192410516667,4945167
2021-09-15,1546.195556640625,1549.4931415491342,1526.997416749876,1529.7529585887446,4062344
2021-09-16,1537.8841552734375,1553.2426693810296,1528.1269374917058,1549.583685142018,3246568
2021-09-17,1527.991455078125,1552.113311675892,1521.8027893280985,1533.1410302176882,7454864
2021-09-20,1524.8743896484375,1542.8076893160428,1515.9302927771162,1522.2996022887905,5660743
2021-09-21,1552.5198974609375,1560.018510351452,1521.9836233096644,1535.8514362805665,4672222
2021-09-22,1551.119384765625,1570.995106112003,1547.6411555866953,1551.2097068968765,4553892
2021-09-23,1574.292724609375,1576.5061131476982,1554.913829713229,1564.7613684652226,3826090
2021-09-24,1593.5360107421875,1615.3541551970907,1583.2367507832366,1588.2508975595556,8280446
2021-09-27,1554.9591064453125,1598.1887809217542,1552.203564433796,1597.9629204383,5045337
2021-09-28,1524.197021484375,1544.885865956506,1513.2653950158758,1544.885865956506,6557197
2021-09-29,1528.849609375,1537.1161251092067,1495.1963974091448,1499.036025620014,7792548
2021-09-30,1513.44580078125,1538.561529283395,1508.8382692270468,1538.561529283395,6914031
2021-10-01,1504.366455078125,1516.8338883980105,1500.843009252536,1504.3212388651452,5733906
2021-10-04,1516.6529541015625,1525.0097909298213,1504.5920278709766,1511.0064427311174,2947154
2021-10-05,1529.346435546875,1538.5162822640398,1502.4238238149308,1509.651358746091,4373310
2021-10-06,1511.955322265625,1543.9822953375715,1508.748059223958,1537.7485238146285,4271698
2021-10-07,1527.72021484375,1539.6456035133087,1514.7558459583856,1524.1064473337706,5476108
2021-10-08,1557.3983154296875,1564.3096681020147,1534.4057629197896,1540.5943179503092,4738376
2021-10-11,1527.6751708984375,1562.9546243061243,1503.0563769606676,1519.5894092964745,8840633
2021-10-12,1522.435302734375,1525.9135323648404,1501.520598454923,1515.0722284048773,7439300
2021-10-13,1544.162841796875,1548.1832243970202,1517.8275988018324,1532.1922366960612,7104171
2021-10-14,1550.08056640625,1611.3790822663113,1534.2251156541256,1584.6372219009545,19655776
2021-10-18,1619.103515625,1625.2920709368038,1571.9889957921282,1571.9889957921282,13438109
2021-10-19,1646.206787109375,1657.3642732426824,1610.2046471117048,1638.8437130892482,10324260
2021-10-20,1628.318359375,1669.5605009491799,1620.8198583600567,1652.7565049768311,5876115
2021-10-21,1584.321044921875,1638.8437461736648,1578.1775953652882,1638.8437461736648,8779629
2021-10-22,1553.7392578125,1592.9485438586664,1542.1751586140342,1580.9328340418624,7369809
2021-10-25,1542.6722412109375,1562.7286070273267,1524.2871105485751,1555.7721485974942,5905209
2021-10-26,1552.8349609375,1573.707156474055,1545.7257284966865,1558.622748651651,5871709
2021-10-27,1575.8489990234375,1580.5885984594972,1550.5107949160656,1557.75676671993,5090259
2021-10-28,1553.017333984375,1572.021015558502,1542.2166900331074,1567.0991707326227,5329972
2021-10-29,1520.0684814453125,1560.9469310221527,1513.9618200130897,1548.551251671765,5875091
2021-11-01,1549.5081787109375,1556.024946947415,1527.5877962002785,1528.9549690489064,3636806
2021-11-02,1547.548583984375,1555.34140267627,1537.0213082603032,1544.905360819895,3471772
2021-11-03,1551.7412109375,1565.367322734799,1548.5511409003304,1557.665626720815,3530713
2021-11-04,1557.39208984375,1564.9571572983218,1554.0197747196498,1563.1342602018765,483407
2021-11-08,1583.6419677734375,1586.832037924348,1552.1969905716053,1576.8061031643435,5245903
2021-11-09,1588.1990966796875,1595.0349607973908,1573.1601956207408,1581.1353704247276,4016134
2021-11-10,1586.05712890625,1595.9007059459145,1569.4686994562621,1573.1601103841383,4780368
2021-11-11,1579.8138427734375,1585.6926415154269,1557.6655981318377,1579.4947467669265,4731349
2021-11-12,1622.5606689453125,1624.9760298620297,1584.1432014592392,1588.6548272905943,5069009
2021-11-15,1628.895263671875,1640.6073550376211,1618.276866038498,1624.292404088141,4354074
2021-11-16,1633.5894775390625,1648.7650087167729,1619.6442685391514,1631.4931011170968,6034233
2021-11-17,1629.168701171875,1642.4303223634295,1623.016423327284,1633.8171778853266,4732492
2021-11-18,1621.8316650390625,1630.991656734865,1603.23809130165,1623.836807459616,4326924
2021-11-22,1603.6026611328125,1627.3003243196358,1596.0832103139167,1626.024274049721,6621839
2021-11-23,1583.0950927734375,1592.528563514478,1558.577103224929,1581.4544407920325,8436160
2021-11-24,1545.816650390625,1586.3761084934451,1538.5250624170844,1585.9203842450988,7333061
2021-11-25,1569.879150390625,1573.3425884454,1546.68271588499,1549.462678724677,4476260
2021-11-26,1541.8521728515625,1566.1878079624037,1534.8795682377474,1551.7869856582354,4494181
2021-11-29,1546.1357421875,1560.3999344007436,1521.3443858648964,1541.2595146446597,3942776
2021-11-30,1560.992431640625,1576.7149196340567,1549.5082017932373,1553.6097204002197,14808963
2021-12-01,1563.043212890625,1587.652324878052,1561.311438313421,1563.1343354976748,5193264
2021-12-02,1593.4400634765625,1595.4908228890163,1559.8075868601572,1563.1343966036347,5559574
2021-12-03,1581.86474609375,1628.4397497706684,1579.130400148794,1614.266678784985,6754012
2021-12-06,1545.1788330078125,1580.4062318630556,1541.7152838752127,1576.8060544511486,3991449
2021-12-07,1560.0810546875,1572.1577489180777,1543.9939642715858,1550.4652272297694,4202122
2021-12-08,1598.08837890625,1603.9672891266634,1579.1758204757957,1579.540422167582,3029169
2021-12-09,1607.2939453125,1612.717131091024,1587.74341788024,1603.238043657487,2082171
2021-12-10,1603.466064453125,1607.5675834470367,1591.3893696377186,1604.1496509521103,1823469
2021-12-13,1590.158935546875,1614.494570396553,1584.8269831091168,1610.5754078937873,4040584
2021-12-14,1596.99462890625,1606.883823605945,1558.8960343016824,1577.6263468576815,4768144
2021-12-15,1580.634033203125,1593.166450783841,1568.7852020359028,1590.4777220617566,3053149
2021-12-16,1614.7220458984375,1620.1907365785592,1602.3263692756543,1606.5646268049081,4481031
2021-12-17,1659.611083984375,1678.888243231294,1646.759681573366,1658.8363749625162,18887243
2021-12-20,1639.6048583984375,1667.6319019870184,1629.032077215558,1642.1568476435123,5773891
2021-12-21,1651.1802978515625,1675.2425636733542,1641.5189647310724,1641.5189647310724,5353584
2021-12-22,1663.120361328125,1667.1763747092457,1651.8639923861042,1663.3938404363626,4156428
2021-12-23,1693.1068115234375,1696.7526057391472,1665.2165080254201,1669.0901643796117,4112933
2021-12-24,1698.4844970703125,1709.6497426239007,1689.8257352124278,1707.0976419930391,3780347
2021-12-27,1700.899658203125,1708.5102310050543,1681.668116905429,1695.294227617712,2647733
2021-12-28,1720.8150634765625,1728.015530115096,1712.0651786263038,1714.161443779766,3340933
2021-12-29,1718.5819091796875,1726.101359941307,1710.242132446456,1716.713395092172,3236635
2021-12-30,1725.2353515625,1740.6844711156452,1708.373553524847,1717.6247784841535,4584738
2021-12-31,1720.5870361328125,1730.2483687120673,1705.9127364240487,1722.6377954130662,4619420
2022-01-03,1730.3397216796875,1744.5584102577188,1720.5872651973348,1720.5872651973348,3329616
2022-01-04,1730.9775390625,1737.8134031996547,1711.7003799435615,1730.3394583198797,3921999
2022-01-05,1681.3035888671875,1734.3954668686106,1677.0653308604055,1731.752243823245,6995719
2022-01-06,1656.831298828125,1666.1280299834443,1640.6074693491246,1666.1280299834443,6449205
2022-01-07,1653.6412353515625,1673.4196254178064,1646.8053708686466,1654.6893122302909,4834389
2022-01-10,1686.8634033203125,1704.317665298847,1652.4562205698915,1654.2791176692515,7857560
2022-01-11,1691.2838134765625,1704.4086941219616,1686.3164636584427,1690.7369666290049,5142287
2022-01-12,1711.198974609375,1721.7262494904119,1695.2942424839418,1703.4061565415368,5362535
2022-01-13,1728.8355712890625,1743.1452683339398,1701.081897515185,1736.309404536552,14277630
2022-01-14,1758.50341796875,1761.83022776947,1714.4348983105913,1715.3463469540313,7688506
2022-01-17,1767.7545166015625,1780.8793983737366,1759.551479401555,1766.8886849569978,5262464
2022-01-18,1750.6649169921875,1772.7675457762878,1742.1884004180822,1751.8953503630567,3690315
2022-01-19,1701.7200927734375,1746.3354556565814,1697.8919420327347,1746.3354556565814,5747770
2022-01-20,1662.208740234375,1684.356985357854,1654.7349063404674,1680.7111910172525,5533463
2022-01-21,1627.5736083984375,1647.8989552826295,1618.7326020917862,1636.0501242988494,8252758
2022-01-24,1583.0040283203125,1612.033644992918,1574.983235855609,1608.7068352344618,7116712
2022-01-25,1569.651123046875,1585.920457209187,1549.918239933461,1573.7070245394375,9137653
2022-01-27,1529.95751953125,1558.3035472906834,1517.5618414567978,1551.2854379336156,11231734
2022-01-28,1536.884765625,1574.5732586775769,1530.7781037908978,1532.1452768517413,10998502
2022-01-31,1582.456787109375,1594.5790962493718,1563.4531087860566,1565.8684694806634,8788872
2022-02-01,1615.132568359375,1622.3785403696202,1581.0898734615043,1609.7093823246826,5119935
2022-02-02,1628.849853515625,1634.045177555916,1615.0870012089545,1630.581628195722,4253717
2022-02-03,1584.5989990234375,1621.4670501794596,1580.4518634126941,1621.4670501794596,3832922
2022-02-04,1586.923095703125,1598.6351876694023,1558.7138067396907,1578.6289359017621,4700077
2022-02-07,1563.1341552734375,1578.628779553116,1545.2697871796156,1569.696539875804,4310209
2022-02-08,1565.2308349609375,1572.2489451683743,1545.8169339162682,1558.5772152103884,6053401
2022-02-09,1583.459716796875,1588.654929376568,1572.2488543744003,1581.3633404867157,3867244
2022-02-10,1612.8992919921875,1616.8185651647125,1593.8956124462054,1600.18462953804,4334630
2022-02-11,1568.922119140625,1591.3437337887206,1561.3115451278638,1585.9206587988808,7551371
2022-02-14,1533.2388916015625,1566.3701394067068,1529.6387138982955,1540.3482356550687,7459637
2022-02-15,1584.3255615234375,1592.0728747827206,1540.758273043376,1548.5512032379233,4669915
2022-02-16,1579.8138427734375,1600.002339486626,1573.934932770637,1584.3254686674468,5350642
2022-02-17,1572.0667724609375,1594.1237866396707,1567.9652532843345,1589.566543110112,3937950
2022-02-18,1555.797119140625,1569.9701891551758,1552.6526660237107,1558.5770818318435,5602215
2022-02-21,1577.44384765625,1583.4594966627299,1541.7151115673455,1550.3738721702955,5120890
2022-02-22,1580.770751953125,1595.9463923853068,1541.3050969561639,1549.3713942771662,8878515
2022-02-23,1588.51806640625,1602.5543961807684,1579.9049222036726,1595.034945722363,5478811
2022-02-24,1529.5474853515625,1563.088726965635,1522.5748813321497,1540.4392515816987,13592379
2022-02-25,1544.540771484375,1575.1199164430034,1528.4992984162482,1563.1343451305102,9737281
2022-02-28,1563.68115234375,1575.0287538540956,1517.561876720794,1533.238747699711,15076542
2022-03-02,1552.014892578125,1562.5876752576344,1541.2597534019178,1558.5772787210403,6771489
2022-03-03,1568.4661865234375,1580.3606343891934,1554.5210907182422,1567.873722724538,7344147
2022-03-04,1570.699462890625,1582.2748159453447,1532.1451414770302,1545.133284407457,9074499
2022-03-07,1585.7838134765625,1595.946487548351,1545.81681489549,1546.7282634891785,9742588
2022-03-08,1620.73779296875,1640.607416180145,1566.2787412372147,1566.2787412372147,10984500
2022-03-09,1652.775146484375,1669.4090819239989,1632.4042943762297,1632.4042943762297,10193515
2022-03-10,1664.214111328125,1681.39489611856,1649.9043007748783,1681.39489611856,6547182
2022-03-11,1660.6593017578125,1669.226940605213,1650.6333674442365,1653.3677131661207,4758657
2022-03-14,1723.27587890625,1727.1951525165518,1669.363781492027,1669.363781492027,10289724
2022-03-15,1676.42724609375,1721.1337276099607,1667.9507306631087,1721.1337276099607,7140443
2022-03-16,1722.0909423828125,1726.2379666004945,1685.2683980742947,1699.8515751263167,5233979
2022-03-17,1690.3724365234375,1752.9890178479604,1670.730787283689,1752.9890178479604,17731459
2022-03-21,1688.9598388671875,1719.8123511063677,1678.067961559103,1696.2058105875647,8362085
2022-03-22,1720.26806640625,1722.6378104541832,1676.153933029229,1686.1798673757876,5709382
2022-03-23,1706.5963134765625,1731.7522715906646,1692.559983338876,1729.0179258986793,6192824
2022-03-24,1719.6300048828125,1726.8304709735073,1691.7853173016863,1691.7853173016863,3784303
2022-03-25,1710.37890625,1726.2836397358485,1693.4714903005315,1724.4607425449976,3438588
2022-03-28,1707.96337890625,1714.3435184529592,1688.5950981394537,1700.7629134513743,4008555
2022-03-29,1718.991943359375,1722.090890641983,1695.7956225622686,1707.9634382973009,3917785
2022-03-30,1735.3524169921875,1749.0697621323063,1727.1949969988123,1740.8667252072462,7795839
2022-03-31,1737.9957275390625,1743.6011586389145,1726.4658805839292,1731.7523269283522,5399145
2022-04-01,1734.988037109375,1741.1403151951013,1711.9739598257327,1719.7667786444963,6171518
2022-04-04,1716.212158203125,1725.3722614648334,1707.1432888133297,1722.4100534089641,7364074
2022-04-05,1696.296875,1722.273158687973,1692.6966977300256,1716.9868238518184,5472024
2022-04-06,1666.9027099609375,1693.015733978092,1660.796048991425,1690.7371125326301,5407453
2022-04-07,1650.6334228515625,1666.2647886718673,1647.4889696701696,1659.7935258316804,5797544
2022-04-08,1653.9144287109375,1675.242345900019,1647.8988908526846,1661.5706183763518,5131446
2022-04-11,1610.1195068359375,1653.3676967363199,1606.4737125763204,1653.3676967363199,8248407
2022-04-12,1588.1534423828125,1601.8707872272605,1574.7551935316637,1601.8707872272605,6456184
2022-04-13,1593.71337890625,1601.8707987826408,1578.6288611616126,1599.546560516215,6257693
2022-04-18,1477.8228759765625,1503.8902853369043,1449.2033658701077,1463.3308200656968,30523965
2022-04-19,1423.6827392578125,1491.7224007453126,1412.7453558576244,1491.7224007453126,17044923
2022-04-20,1447.1068115234375,1454.9453580252123,1424.594076948662,1435.5314594972122,10678747
2022-04-21,1475.453125,1483.1092046818314,1448.519772780915,1453.7606025392856,7766514
2022-04-22,1445.0560302734375,1468.0701057019521,1442.2761790078637,1462.2824297770417,8134245
2022-04-25,1422.8624267578125,1433.5264424307195,1416.4822863804698,1433.5264424307195,7000570
2022-04-26,1441.000244140625,1451.02617879309,1427.8298563060318,1437.5366949381744,5345435
2022-04-27,1415.2974853515625,1433.4808411208708,1413.0643694386592,1433.4808411208708,8819356
2022-04-28,1442.4586181640625,1459.9584990845844,1419.5356622543295,1430.9743873710831,9245177
2022-04-29,1428.7412109375,1455.856805145906,1422.5889332599625,1449.203186264394,9831395
2022-05-02,1404.5423583984375,1415.2518799501452,1395.427871971452,1413.565722213317,7072627
2022-05-04,1399.5750732421875,1430.974435947013,1394.6532280893127,1410.238978356061,6220959
2022-05-05,1444.7825927734375,1448.6562488468157,1419.5354029034092,1421.9052579804702,6144870
2022-05-06,1406.2283935546875,1423.5459162563955,1399.1191615178413,1412.7452730340715,6171472
2022-05-09,1431.293212890625,1446.2866083433241,1387.3614371422138,1403.6307715604112,6832202
2022-05-10,1415.4798583984375,1430.199777439486,1409.1453343156031,1420.037101986327,6212545
2022-05-11,1391.5540771484375,1412.6996390563252,1377.7456093296807,1412.6996390563252,7846080
2022-05-12,1375.1937255859375,1392.2377703155883,1371.092206786317,1379.9332139167273,7034979
2022-05-13,1371.183349609375,1393.8328259512198,1365.4411787009321,1384.7639565315883,6723761
2022-05-16,1357.2381591796875,1377.9736159170286,1347.713565314556,1376.2874581707717,6145331
2022-05-17,1383.9891357421875,1389.9591688076237,1349.764306243777,1362.5245871377485,6516378
2022-05-18,1375.5582275390625,1412.4718970446002,1372.0036668916289,1387.2248145043995,6594126
2022-05-19,1300.77392578125,1353.2277273273894,1292.1151638546646,1349.8554119234677,16561140
2022-05-20,1326.2943115234375,1336.8670919071196,1318.5925049158457,1324.3346749896334,10488908
2022-05-23,1338.37109375,1356.2354633538428,1321.6460348512596,1326.2487833433865,5887569
2022-05-24,1313.3974609375,1339.4193635332676,1308.1566313744254,1338.553420588095,5693167
2022-05-25,1285.552490234375,1314.7644591162887,1275.344311555263,1307.9285953773824,9630092
2022-05-26,1297.857177734375,1303.3714862188574,1282.4537855422582,1292.4341031177203,13040065
2022-05-27,1331.9454345703125,1337.095141587281,1310.116284363655,1316.086206139813,8284860
2022-05-30,1391.5997314453125,1394.5163223865018,1353.5011364339575,1355.324033587404,10904213
2022-05-31,1384.9677734375,1398.2316535080074,1370.7368045483902,1391.5075696189176,16033857
2022-06-01,1361.8941650390625,1395.2379820540837,1355.9529950938368,1393.6260550241482,8738508
2022-06-02,1389.020751953125,1394.4091720375322,1359.177047526785,1366.914320887558,7205840
2022-06-03,1401.6396484375,1432.31236331566,1398.2316189795317,1404.5872397354426,9395707
2022-06-06,1409.3309326171875,1415.364077999087,1375.2040882643207,1396.3894158129337,6624883
2022-06-07,1387.8231201171875,1399.9356232720108,1384.046627720241,1399.9356232720108,4904592
2022-06-08,1381.6517333984375,1400.257931765894,1374.2829241536458,1400.257931765894,4697608
2022-06-09,1395.46826171875,1397.264364010666,1364.6113727632528,1367.83522683323,4361061
2022-06-10,1360.2821044921875,1376.078897883753,1357.3345136061591,1368.8482769755774,6516436
2022-06-13,1312.1087646484375,1329.701776491807,1300.318623367068,1329.701776491807,6987685
2022-06-14,1326.8924560546875,1334.5836290356153,1292.443246676887,1298.752767777201,6090247
2022-06-15,1309.9901123046875,1332.2808293295284,1306.9044457003367,1326.5699342924852,4651958
2022-06-16,1286.962646484375,1329.8399554791067,1282.1729648671283,1324.5436231888868,6641772
2022-06-17,1277.84375,1286.7322867001085,1259.2835381830917,1281.2978795277454,9692047
2022-06-20,1302.5753173828125,1310.1283024380257,1272.9618905666837,1280.3768003896969,4595194
2022-06-21,1335.5047607421875,1341.1234560303146,1310.4968386450068,1311.6482152384394,6270787
2022-06-22,1323.8526611328125,1344.4392498652508,1321.780183493189,1322.7473847006565,6253366
2022-06-23,1337.8533935546875,1342.965550192588,1319.938020182427,1326.2015533208353,6254281
2022-06-24,1327.39892578125,1351.7160201130137,1316.1615360411342,1342.9655586540196,6114340
2022-06-27,1358.2557373046875,1366.914110628023,1349.5513763871795,1352.2225922178723,4511097
2022-06-28,1363.367919921875,1370.8288169146574,1338.3600006564739,1353.0976193835925,4412178
2022-06-29,1347.80126953125,1360.4664104545745,1342.0443872933752,1349.1368212347945,5060038
2022-06-30,1346.5579833984375,1365.0720966341944,1340.2023620801301,1349.4594749175692,9165177
2022-07-01,1362.67724609375,1367.835390735974,1328.5503989451943,1339.2812512660648,4651635
2022-07-04,1370.5986328125,1374.5133130473475,1346.6500007875504,1363.4600982666016,4800224
2022-07-05,1359.4993896484375,1390.8168331778381,1355.861084566994,1380.5466438540523,7379669
2022-07-06,1373.9605712890625,1381.6517435067622,1354.018708636627,1365.2560978415058,5209162
2022-07-07,1380.4542236328125,1394.501015916978,1377.6909202326488,1384.4611035143323,3323472
2022-07-08,1394.9615478515625,1397.2643006542748,1381.6055815958298,1395.4681984437998,3652582
2022-07-11,1356.9202880859375,1381.559745781861,1350.7028548355643,1377.0463273048783,4702638
2022-07-12,1325.09619140625,1352.7292279812689,1322.7013507242377,1346.4658071543995,4710356
2022-07-13,1330.4844970703125,1344.807664776969,1325.0960778876229,1335.5966533743872,5264025
2022-07-14,1316.115478515625,1338.3139958144716,1302.4371476494214,1336.5178933799932,6157606
2022-07-15,1317.4971923828125,1331.912449891943,1299.351542155922,1331.912449891943,5620018
2022-07-18,1372.3486328125,1375.7566621090916,1333.8005719778917,1335.596674253832,5835171
2022-07-19,1367.05224609375,1369.5391741354836,1354.1107304165878,1355.4463945004902,3418540
2022-07-20,1395.7447509765625,1405.4163139759748,1381.651857058915,1382.8032336064643,5079392
2022-07-21,1411.9559326171875,1414.304673015185,1384.507074201756,1397.3104022873313,5008061
2022-07-22,1387.4547119140625,1418.4957757984248,1374.421108109652,1412.9691688797298,7020642
2022-07-25,1384.9677734375,1397.4487399579634,1363.3218947435355,1363.3218947435355,7859626
2022-07-26,1336.6561279296875,1378.566235635717,1330.9913326420376,1378.566235635717,7268273
2022-07-27,1354.986083984375,1356.7821865061378,1330.9913506458718,1336.5179583302145,4517285
2022-07-28,1397.678955078125,1404.1726509432226,1372.3025725561108,1378.3358302696392,6636841
2022-07-29,1427.430419921875,1432.9570268712102,1407.4425697640877,1411.8639002991983,7009465
2022-08-01,1428.674072265625,1440.6022879220714,1416.5615689042888,1440.6022879220714,2983249
2022-08-02,1421.811767578125,1424.9435340969292,1407.764974497984,1424.5290835390606,4374635
2022-08-03,1442.5367431640625,1446.1290607710002,1418.4039337497761,1426.7859332065473,6011955
2022-08-04,1473.6697998046875,1477.3081044886487,1450.6882579090352,1462.2481226892457,7402209
2022-08-05,1489.0982666015625,1497.4341649372668,1475.8804869658377,1481.4991817570146,5361971
2022-08-08,1491.63134765625,1494.0261883556805,1470.0775564831479,1489.4206822263473,3763409
2022-08-10,1476.0186767578125,1493.2893254722826,1462.800896096162,1493.2893254722826,4423829
2022-08-11,1492.137939453125,1502.6385162929275,1488.4996344559377,1501.3950520811748,3462090
2022-08-12,1468.3275146484375,1486.657452442084,1464.6892096010706,1486.0127265275776,3562286
2022-08-16,1470.491943359375,1482.051808218889,1465.5640745022802,1482.051808218889,3004430
2022-08-17,1479.518798828125,1484.8151307149806,1459.9453983767023,1470.4919621148833,4067324
2022-08-18,1458.0572509765625,1472.1040457352544,1449.813439356127,1468.327552910906,4635706
2022-08-19,1471.0906982421875,1478.2753325495544,1460.0374838856912,1460.2217715884326,4739884
2022-08-22,1451.3333740234375,1472.8410681975329,1449.8135342982594,1460.8667505699107,3950555
2022-08-23,1420.7064208984375,1431.851722205202,1412.0480476941618,1425.8645647948874,5551574
2022-08-24,1416.193115234375,1424.02247554624,1410.2059573488314,1413.8903622014736,2888426
2022-08-25,1398.369873046875,1426.509448526842,1394.317005094203,1425.864722633081,4331088
2022-08-26,1401.5015869140625,1423.0552652131485,1397.7249820129207,1414.028540845262,3079136
2022-08-29,1346.4197998046875,1352.6833335018493,1335.5968597344258,1352.6833335018493,8079050
2022-08-30,1375.1580810546875,1378.0595725113283,1350.3344470748993,1356.8742435326635,6725875
2022-09-01,1348.67626953125,1352.26858653251,1336.5638792641457,1344.8537896797734,8140604
2022-09-02,1338.360107421875,1361.3876385199803,1333.754601202254,1361.3876385199803,5175653
2022-09-05,1346.0052490234375,1351.2554809677079,1332.234718410367,1336.5178615433838,3669352
2022-09-06,1340.2943115234375,1354.0187416648694,1331.4056626022373,1346.0052063327005,3428442
2022-09-07,1342.643310546875,1350.104208467433,1324.5897478489844,1326.3858503790573,3600574
2022-09-08,1359.4532470703125,1364.2429282060784,1348.1236576388358,1358.6242335247468,4061475
2022-09-09,1392.3826904296875,1400.0738631770807,1363.229814146105,1370.5986239523002,4816910
2022-09-12,1414.99560546875,1423.9303544901582,1401.1330999995328,1405.4162430280178,5494819
2022-09-13,1423.0552978515625,1430.4702077158838,1419.6933683191692,1429.4570188524592,4947158
2022-09-14,1358.9927978515625,1380.684664683752,1355.8610311342172,1378.8885622336434,14332197
2022-09-15,1319.75390625,1358.8085090109014,1316.2997765879545,1358.6243337379055,12784100
2022-09-16,1268.402587890625,1312.569350171628,1260.3889391313662,1312.569350171628,20464045
2022-09-19,1280.6070556640625,1295.0682996676364,1271.6723064745809,1282.1728827434922,6595241
2022-09-20,1278.9952392578125,1302.0227714727519,1275.8173723486777,1296.864514305308,7219797
2022-09-21,1268.586669921875,1279.2254341116054,1260.4349465183866,1271.0276106709382,7917054
2022-09-22,1260.020263671875,1274.7578819608184,1252.697554560198,1258.5465243308015,9168498
2022-09-23,1257.717529296875,1284.7519381942204,1254.539775282265,1259.605831643537,10426200
2022-09-26,1271.3499755859375,1289.035074266332,1248.0921694757799,1252.6976756362071,9414587
2022-09-27,1283.6004638671875,1295.52867795986,1269.277296998711,1283.508263807274,8561254
2022-09-28,1284.659912109375,1294.9302138841413,1268.3564644053038,1270.198666967984,7022098
2022-09-29,1288.29833984375,1298.6146293008658,1283.0940950751112,1294.055222897748,6119965
2022-09-30,1301.930419921875,1307.3189517845497,1267.4352256528252,1279.3634409767485,8120130
2022-10-03,1283.784912109375,1300.5950105100897,1276.646377172085,1300.5950105100897,4943169
2022-10-04,1316.6221923828125,1319.2473085435126,1302.4372101801548,1307.687442501555,6631341
2022-10-06,1340.3406982421875,1344.623842155474,1330.1624829974307,1330.9914967288948,6180672
2022-10-07,1336.7020263671875,1342.8273718803887,1326.5239254952508,1332.234708001914,3994466
2022-10-10,1347.2486572265625,1349.4132225017984,1313.8126395704992,1313.8126395704992,5274677
2022-10-11,1311.4639892578125,1362.9074709757476,1308.0558472095388,1347.2487499104318,12824774
2022-10-12,1315.9771728515625,1327.3988496412367,1302.0225803292121,1323.6223574002192,5481467
2022-10-13,1307.87158203125,1324.497390791293,1303.358163781922,1318.0957825950038,4821514
2022-10-14,1357.9334716796875,1376.1252207491627,1351.4857631487341,1367.8353097807942,14990688
2022-10-17,1372.394775390625,1377.0463817225927,1359.084907178385,1360.374471428357,4286396
2022-10-18,1385.059814453125,1391.7377980807491,1379.1187567531586,1390.862796925877,4692004
2022-10-19,1368.2498779296875,1386.211353237947,1364.4273974948692,1385.3363519806298,3553171
2022-10-20,1382.4808349609375,1385.3362262373007,1357.8873650769006,1358.6242910239484,4583939
2022-10-21,1382.112548828125,1387.1786061547193,1373.684449151511,1381.9283735373544,3594485
2022-10-24,1398.093505859375,1401.731923250026,1391.7839848025937,1398.6922441580002,982837
2022-10-25,1405.8768310546875,1411.9560765928898,1401.0410496703496,1407.5347457801354,3914341
2022-10-27,1419.0528564453125,1429.249210138334,1408.3910326077814,1425.4314456099737,6760137
2022-10-28,1409.0892333984375,1422.7773503175003,1403.2694364655183,1420.961619141593,3053981
2022-10-31,1431.809814453125,1439.9575305637782,1424.919151808818,1424.919151808818,4542336
2022-11-01,1464.7266845703125,1466.5890198335933,1440.6094201772419,1446.1499357862565,4542692
2022-11-02,1446.3826904296875,1464.4938549313088,1438.6539538190254,1463.7954792255714,2938906
2022-11-03,1425.3846435546875,1437.629518852531,1416.9110420803006,1432.8339835177367,3174027
2022-11-04,1409.78759765625,1415.793582575403,1397.8221179922868,1415.793582575403,4509682
2022-11-07,1403.6883544921875,1422.7307974179082,1388.4637891204677,1416.6782088745165,4898592
2022-11-09,1407.180419921875,1423.755248530867,1397.7756499738618,1423.755248530867,3334755
2022-11-10,1398.5670166015625,1407.9252956808914,1382.7837725437325,1382.7837725437325,3435763
2022-11-11,1462.026123046875,1465.1921153974586,1440.1902898320757,1440.1902898320757,7214098
2022-11-14,1476.179931640625,1481.860030843369,1460.4896678166076,1466.728558472008,4908813
2022-11-15,1484.281005859375,1487.865978027022,1464.493696339606,1469.2426278907687,3497614
2022-11-16,1492.475341796875,1498.2485349354288,1483.8154384211348,1487.2142225919536,4497697
2022-11-17,1478.1353759765625,1492.4753788285411,1473.9916122221227,1487.2607496693397,3469515
2022-11-18,1483.722412109375,1488.0057601496896,1467.0544900599725,1482.139359057403,3126064
2022-11-21,1460.2569580078125,1478.5544237450204,1456.392703473188,1473.200210143451,3071764
2022-11-22,1475.9471435546875,1478.6940423096976,1454.4836864532415,1461.001859183826,3399329
2022-11-23,1474.1778564453125,1482.4186661207564,1470.5928842890921,1479.5320695924195,3245067
2022-11-24,1517.616943359375,1523.3901367969404,1475.6677990763762,1479.625261228813,5282215
2022-11-25,1523.0643310546875,1530.8395579004637,1502.7183414159329,1519.106868693935,4563255
2022-11-28,1511.6573486328125,1539.6854677678812,1508.4913563858286,1515.9406964173634,3825766
2022-11-29,1516.9185791015625,1525.9508590855814,1503.8822330895423,1509.608822724775,3131710
2022-11-30,1522.412353515625,1532.4690086093938,1502.1129689515647,1508.4448401453435,11868134
2022-12-01,1543.0377197265625,1557.470816708116,1538.568183700765,1542.1996462005025,5407928
2022-12-02,1525.1593017578125,1547.4142281904476,1521.4811218578504,1542.0134111143084,4283343
2022-12-05,1526.8819580078125,1531.6308896793773,1511.5642975995518,1525.2524148295759,3824966
2022-12-06,1501.880126953125,1514.078398822603,1496.8984034175185,1513.1472312956519,4822398
2022-12-07,1494.9896240234375,1512.0300370518828,1486.7953034448349,1497.3175430891856,4898087
2022-12-08,1508.631103515625,1512.1229817694489,1488.4713036632998,1494.989476403771,4206837
2022-12-09,1461.2813720703125,1515.940865169132,1453.6457294872584,1515.940865169132,8880658
2022-12-12,1440.702392578125,1458.1617841974044,1424.732959978022,1443.3097071937698,8037679
2022-12-13,1463.93505859375,1468.9167821578187,1435.0688650933428,1440.7023604628366,6135067
2022-12-14,1470.68603515625,1479.1596370352079,1464.726540167694,1473.1070480262506,4976020
2022-12-15,1434.463623046875,1461.9330660068767,1429.5749933675527,1461.2812941834663,6443866
2022-12-16,1417.4232177734375,1442.8441376897354,1407.9719579510413,1420.0305324148735,9630453
2022-12-19,1403.5953369140625,1412.4880321869352,1392.1420446320633,1404.154014691834,6222740
2022-12-20,1403.549072265625,1411.6501855147985,1380.4094647679296,1397.6826704866178,7396259
2022-12-21,1405.6439208984375,1416.3057431227649,1398.9394468130893,1410.7187382189275,6236361
2022-12-22,1417.283447265625,1424.6395791059888,1407.6923771681807,1416.7712597065565,6302640
2022-12-23,1394.051025390625,1405.9700164298933,1390.2332608706465,1404.8525470817556,6283822
2022-12-26,1398.986083984375,1405.969840280555,1393.3524751049597,1397.2168429890944,4115459
2022-12-27,1410.5791015625,1416.7247844897781,1394.4233677482148,1406.0163579594914,4860076
2022-12-28,1406.20263671875,1419.9838476538391,1395.3545125032445,1401.5001953302376,5029860
2022-12-29,1413.0933837890625,1416.5852621579513,1397.682515120534,1400.4760178156448,4624745
2022-12-30,1404.386962890625,1425.058952312399,1400.5227081913038,1422.82412728465,5060544
2023-01-02,1419.099365234375,1421.4272841405993,1400.5226178298708,1409.7876896094776,3801140
2023-01-03,1417.749267578125,1427.154037556321,1410.8120007929415,1415.235046870264,4551130
2023-01-04,1391.9093017578125,1416.3058461453531,1388.4639136157505,1416.3058461453531,7059590
2023-01-05,1373.6583251953125,1402.245237199842,1368.117923736338,1402.245237199842,9868404
2023-01-06,1348.796142578125,1373.4720816725817,1346.9338075521284,1368.81624410759,6443714
2023-01-09,1382.2716064453125,1386.8343501155186,1348.5167831896774,1348.5167831896774,11498717
2023-01-10,1368.58349609375,1381.7595395585633,1353.9642111382775,1379.9902984935788,7158624
2023-01-11,1369.9801025390625,1391.16416189863,1363.2291385673323,1368.8161432335917,6173092
2023-01-12,1378.686767578125,1382.783927875786,1354.8488990298106,1379.9438211426093,6591385
2023-01-13,1400.150146484375,1414.8160357864565,1366.9539997114769,1381.3870971198746,11610426
2023-01-16,1420.49609375,1422.8240126188136,1398.8930521145762,1406.0629967633563,6073063
2023-01-17,1433.532470703125,1436.04657766915,1419.0993734014696,1421.8928761050158,5922644
2023-01-18,1439.0264892578125,1445.032475050563,1433.6256714949002,1438.4212075600494,5843098
2023-01-19,1432.9737548828125,1442.8907119509129,1421.1013687076857,1433.9049224259597,6165284
2023-01-20,1420.5428466796875,1438.6540119126473,1419.0994913623783,1432.1358383958911,6496429
2023-01-23,1441.4473876953125,1446.382621246965,1422.9171304558272,1429.3422093748738,4855020
2023-01-24,1445.0789794921875,1460.8157342118654,1443.0769464763496,1452.6214141010519,5200802
2023-01-25,1436.79150390625,1448.896681839355,1432.834041889658,1440.516174039513,4158617
2023-01-27,1414.5831298828125,1444.1941881721086,1403.6419117614923,1439.584954515822,6209955
2023-01-30,1432.8804931640625,1437.7225183545734,1415.3744999345543,1423.5688188223878,6964719
2023-01-31,1428.17822265625,1442.285433701645,1408.8564960905665,1442.285433701645,9448126
2023-02-01,1444.333984375,1448.0121644499538,1422.8706402465293,1436.0465703299178,6194199
2023-02-02,1474.736572265625,1477.7162628876476,1445.1720032557223,1445.1720032557223,6916834
2023-02-03,1489.309326171875,1494.1979555598025,1464.7264813732872,1487.540085183615,7040194
2023-02-06,1461.79345703125,1488.0058481155559,1454.1113242108788,1488.0058481155559,4570612
2023-02-07,1454.8560791015625,1467.5665378114766,1448.0585110976072,1461.0017616752198,4336238
2023-02-08,1481.0218505859375,1492.6614438788167,1457.7426640001793,1457.7426640001793,7983338
2023-02-09,1505.6978759765625,1508.258586649992,1476.878286773674,1486.3295461430953,6904911
2023-02-10,1497.82958984375,1505.0461382686785,1486.5623716911448,1501.9266360797021,4786762
2023-02-13,1459.55859375,1487.074641506789,1458.208446211416,1487.074641506789,4001199
2023-02-14,1483.58251953125,1486.1432299839164,1469.5219139610974,1475.6209924748903,5043736
2023-02-15,1487.12109375,1488.9368248985672,1467.519972507906,1474.9693124698751,3465747
2023-02-16,1491.544189453125,1503.3233677293233,1487.8660095226091,1489.8680424382176,4290289
2023-02-17,1474.783203125,1485.2122341610345,1467.0544670349277,1484.2810666161058,2857734
2023-02-20,1482.8375244140625,1492.6613862410745,1473.5724539778541,1475.8537687080063,2417716
2023-02-21,1470.779052734375,1491.4044354034208,1467.519966514324,1488.65742310292,2723288
2023-02-22,1454.297607421875,1466.5889743108357,1448.2450180040842,1455.4149630779914,3656244
2023-02-23,1443.96142578125,1461.793306497941,1441.5870168093106,1461.793306497941,4766854
2023-02-24,1443.9150390625,1461.0019415213426,1438.653919471303,1452.6214332525776,2790986
2023-02-27,1405.4111328125,1433.9979291802954,1398.6135646940284,1433.9979291802954,4920268
2023-02-28,1385.1583251953125,1419.0993366983944,1379.3385280467792,1411.2775065971828,9679811
2023-03-01,1393.0732421875,1397.5427781739506,1379.524709027891,1389.674457936569,5125043
2023-03-02,1370.8182373046875,1386.1358969828532,1366.3020977309836,1382.783716766697,4644499
2023-03-03,1377.4761962890625,1387.2534555222335,1371.6097952819946,1384.4133490397185,4615015
2023-03-06,1403.6883544921875,1415.7470414063025,1390.3727278974682,1391.6763850865486,6561742
2023-03-08,1389.9537353515625,1393.0266336871548,1379.1522146688542,1387.951816083735,4137080
2023-03-09,1378.50048828125,1395.2149006339841,1373.0996709279877,1392.0955120195636,5104656
2023-03-10,1370.259521484375,1372.82023199985,1357.3162710543932,1359.5044918522185,3699580
2023-03-13,1336.3184814453125,1376.5449863964786,1329.7072148055615,1363.4154334672219,8798403
2023-03-14,1322.2579345703125,1348.6565121501578,1313.8774265343034,1341.8124533210002,7402784
2023-03-15,1321.93212890625,1343.535172132214,1319.324814114048,1339.0190319277945,7556182
2023-03-16,1307.4522705078125,1320.209333521895,1302.4239432492657,1320.209333521895,7323117
2023-03-17,1322.9097900390625,1343.5817793690044,1314.249999388399,1331.5696943576484,9090018
2023-03-20,1307.0333251953125,1321.978495839371,1289.5273301778466,1321.978495839371,8221829
2023-03-21,1294.974609375,1308.2903502216436,1294.3228375858253,1302.7033451673162,8536755
2023-03-22,1293.6246337890625,1310.3856511784475,1287.0133663301676,1306.4281887392872,8356487
2023-03-23,1279.9364013671875,1288.6892854031814,1275.6995435473646,1288.6892854031814,7607718
2023-03-24,1285.616455078125,1302.656752438459,1282.6832546659964,1292.460513594485,7559127
2023-03-27,1293.3450927734375,1299.6770774321035,1279.517277713814,1290.8309859145647,4170193
2023-03-28,1282.7763671875,1301.7722075418649,1281.1468240092465,1296.2782963787424,6633366
2023-03-29,1288.31689453125,1294.2297856725236,1270.6247112836495,1284.0800367600543,8813966
2023-03-31,1329.66064453125,1331.5229796130084,1297.9544579650617,1307.3592273943589,8711975
2023-04-03,1313.73779296875,1336.2255133663036,1308.4301830866584,1336.2255133663036,5242764
2023-04-05,1325.5635986328125,1329.2416649530833,1303.6345575722007,1303.6345575722007,7506334
2023-04-06,1324.027099609375,1330.0796883988064,1313.2720694471448,1318.5331885900016,6948465
2023-04-10,1329.3349609375,1335.294456839687,1317.6022708704024,1325.9361761624461,4993788
2023-04-11,1309.361328125,1334.6890410809356,1293.3917812386142,1330.5453907766764,6942255
2023-04-12,1329.9866943359375,1332.966385112123,1303.6346064666238,1315.7863888012116,5831169
2023-04-13,1293.577880859375,1313.9239822243364,1287.804687668877,1312.713418974114,11267238
2023-04-17,1171.6881103515625,1174.3419149921529,1103.7128828727728,1164.2387703538868,53171705
2023-04-18,1172.6658935546875,1182.536247374608,1166.8460960585176,1182.536247374608,12430884
2023-04-19,1147.3846435546875,1168.0100281303696,1144.777442538378,1168.0100281303696,11307230
2023-04-20,1139.1905517578125,1152.645879140404,1137.3282164152847,1145.9880075572817,8621249
2023-04-21,1142.8685302734375,1148.362441842921,1136.0244711521295,1143.5669059729164,8691352
2023-04-24,1141.8907470703125,1145.3360213421463,1134.1620113778326,1143.4736863480941,8313774
2023-04-25,1140.587158203125,1150.45751152961,1131.3685766964597,1141.5648159328548,6808576
2023-04-26,1143.0548095703125,1148.1296274198023,1136.5366365030468,1143.4737895146125,5680192
2023-04-27,1160.4674072265625,1161.9107622072236,1141.0525890849779,1145.335936520499,8020704
2023-04-28,1166.5201416015625,1172.3399387558309,1159.2569892858703,1169.2670403912118,10118277
2023-05-02,1189.5198974609375,1191.6616282142063,1168.1962522857866,1168.1962522857866,8886401
2023-05-03,1181.791259765625,1184.910648168676,1175.226483398981,1178.858059396105,5549783
2023-05-04,1185.888427734375,1187.9835546317101,1175.598981282521,1181.6049662543849,4505401
2023-05-05,1172.4329833984375,1190.9632394907892,1167.91684373051,1190.9632394907892,5373791
2023-05-08,1178.4857177734375,1182.8622737905494,1168.8015517866347,1175.5525170352726,5260842
2023-05-09,1183.2344970703125,1184.4450602877698,1173.9228220680502,1178.8580552864123,4969897
2023-05-10,1176.29736328125,1188.5422388366396,1172.47959920347,1188.5422388366396,6515734
2023-05-11,1169.6395263671875,1188.0766891595617,1166.7995335658195,1182.8155698155028,6888461
2023-05-12,1159.48974609375,1169.546400739245,1153.763156801528,1167.078784086906,8292212
2023-05-15,1171.734619140625,1181.5584818857901,1159.9088371736073,1163.8662991102428,5534710
2023-05-16,1177.275146484375,1186.2608221598828,1175.8317913544909,1177.9269182842456,5236469
2023-05-17,1161.07275390625,1174.1555888035707,1156.9289904182197,1173.8297029190505,10465667
2023-05-18,1160.23486328125,1172.9453241238145,1156.929172738119,1171.9675526482622,6948732
2023-05-19,1181.5584716796875,1185.6556314416898,1166.5666975592758,1169.5929919552682,11094136
2023-05-22,1203.8135986328125,1206.4207998850757,1182.8157223922155,1185.3298296118849,7625947
2023-05-23,1210.5643310546875,1223.6937698239594,1207.770828607272,1209.772747760262,7436031
2023-05-24,1209.2607421875,1215.1736333017845,1202.4166835381184,1207.072521213604,4824077
2023-05-25,1214.5684814453125,1217.0360984105637,1200.5078728965718,1205.396502978175,4334121
2023-05-26,1226.7664794921875,1232.353484046255,1216.1046579353351,1216.1046579353351,5521606
2023-05-29,1223.9266357421875,1240.9669335016176,1219.6897779734484,1240.9669335016176,4419365
2023-05-30,1232.7261962890625,1235.1007191203635,1219.0380781276976,1224.4853858177134,6274719
2023-05-31,1227.5582275390625,1239.4771039871196,1223.6938594701248,1229.0014690418805,17800782
2023-06-01,1228.6756591796875,1237.9873352628986,1227.3720017944538,1231.5157658522353,4277841
2023-06-02,1225.844482421875,1238.9617020011729,1223.0606630473894,1235.2813144651534,10909311
2023-06-05,1231.03466796875,1235.7058534783941,1224.2401953736864,1230.5628263942124,5002553
2023-06-06,1206.970947265625,1216.0302839557626,1201.3088474348247,1216.0302839557626,10008100
2023-06-07,1216.3604736328125,1221.1261201025318,1210.2737627755,1217.8232287421308,5397578
2023-06-08,1210.556884765625,1219.2387243405415,1208.952554168806,1213.765315567851,5034942
2023-06-09,1194.65576171875,1210.2737655513215,1192.8156254634468,1210.2737655513215,5339073
2023-06-12,1219.1915283203125,1222.7303405065386,1201.308776817534,1201.7806184423641,4785588
2023-06-13,1231.3651123046875,1232.9222127652329,1224.0044517936665,1226.6939261187647,4846587
2023-06-14,1227.1656494140625,1233.1107844231883,1220.3710612948728,1232.7805183441872,3457981
2023-06-15,1214.331787109375,1221.079030940031,1210.4154781475704,1221.079030940031,6161155
2023-06-16,1218.908447265625,1228.2037038909682,1208.9054282292807,1214.5202972782758,8536287
2023-06-19,1221.126220703125,1226.316478982775,1214.5676676825817,1221.126220703125,4451787
2023-06-20,1229.996826171875,1231.5066964003495,1218.3894755987815,1221.1261801854805,4009180
2023-06-21,1226.1748046875,1230.3742642566,1222.0698055997238,1226.7409915968988,4041529
2023-06-22,1209.3773193359375,1216.7852098351457,1201.780623068645,1216.7852098351457,6676607
2023-06-23,1193.75927734375,1207.3011085574806,1192.2021769863343,1204.564404171069,7239467
2023-06-26,1198.8079833984375,1202.2524502707724,1191.164172177616,1198.713638113382,3403244
2023-06-27,1207.1124267578125,1209.801900924314,1202.44112565164,1207.9145344642138,3240024
2023-06-28,1220.5128173828125,1223.6741335135866,1209.2358476161687,1217.3515012520384,5662358
2023-06-30,1260.2889404296875,1263.4974864171334,1230.9875303676226,1234.5263424429586,12821692
2023-07-03,1258.5902099609375,1270.197559142826,1253.635873270373,1255.0986282763438,7732412
2023-07-04,1269.3955078125,1270.1976155112375,1256.4198635232879,1268.5934001137625,5797775
2023-07-05,1271.4244384765625,1281.4745725346813,1265.4791881586093,1281.3802272525575,5414936
2023-07-06,1268.2159423828125,1271.5659488020117,1261.8460804469767,1266.9419930347872,5963897
2023-07-07,1255.287353515625,1270.0089036737404,1250.7105130094112,1258.8733957737718,6295647
2023-07-10,1254.296630859375,1266.3285924511501,1245.0013737668319,1261.279910038057,3940315
2023-07-11,1272.6512451171875,1274.821762733927,1252.267709360411,1258.3544204225739,6126128
2023-07-12,1258.212890625,1275.7653755799854,1252.2676402261263,1274.9160376379025,8102770
2023-07-13,1288.2220458984375,1299.2632095925053,1255.9008929710974,1259.7228564028353,9977644
2023-07-14,1345.64501953125,1349.4669825881904,1302.8962394799694,1302.8962394799694,12833381
2023-07-17,1342.8140869140625,1376.7866852398818,1334.6513186395687,1345.6451367745474,11569884
2023-07-18,1392.12158203125,1394.7167111508957,1348.5234588994904,1353.2418754806642,16743977
2023-07-19,1391.885498046875,1414.3924346574095,1378.4380123668293,1402.313243547227,13687062
2023-07-20,1367.868896484375,1388.1580867392313,1359.5644376506143,1388.1580867392313,8347221
2023-07-21,1256.608642578125,1273.9724381070228,1231.506690170122,1245.850630061634,45548305
2023-07-24,1261.3270263671875,1273.878059844173,1259.1093937381381,1265.4792557637948,8859789
2023-07-25,1259.4395751953125,1267.224961592311,1249.6724771182185,1261.7044379135798,6801982
2023-07-26,1272.8870849609375,1273.9723437002676,1263.9693246333177,1267.3665611773774,5528885
2023-07-27,1276.945068359375,1286.9953184484832,1271.188623322951,1282.0880962174565,9191861
2023-07-28,1265.0074462890625,1287.0424280025118,1260.7608714973424,1277.6055951320227,6122735
2023-07-31,1279.351318359375,1281.0499942643069,1258.1656757663993,1272.7927659403197,7902180
2023-08-01,1288.3162841796875,1291.9023264892767,1280.5781278640968,1285.2965439579218,6064652
2023-08-02,1280.4366455078125,1294.6862401088356,1272.5096828542728,1292.185571553722,7419145
2023-08-03,1287.467041015625,1289.5903282241636,1273.028641919282,1273.9723251230769,6503741
2023-08-04,1300.725830078125,1307.8506849430287,1285.296631440286,1291.8080691321,5712345
2023-08-07,1314.55078125,1316.4381477701006,1299.451849089196,1309.7380196628858,3729093
2023-08-08,1311.908447265625,1315.0698784041417,1306.435153369533,1314.409230991979,4161877
2023-08-09,1315.871826171875,1317.381696194276,1304.6419734875262,1306.0574982327207,4090828
2023-08-10,1310.870361328125,1317.1931081327289,1307.5674699990016,1313.229569420356,3873025
2023-08-11,1294.5919189453125,1318.1840015706807,1290.0623081986714,1313.6071605805025,5783517
2023-08-14,1315.06982421875,1316.4381188374664,1288.6938085626105,1294.591828808298,4304135
2023-08-16,1338.61474609375,1339.983040785176,1326.2525180410155,1331.348430843222,7735313
2023-08-17,1332.05615234375,1340.0302298161323,1326.8186641700577,1340.0302298161323,5618346
2023-08-18,1310.58740234375,1329.366607702791,1308.0866185801663,1324.648191241582,5134103
2023-08-21,1326.25244140625,1327.7623115429926,1309.0302223688232,1311.4837757404932,3032722
2023-08-22,1324.6954345703125,1326.8659522421956,1317.995306168352,1325.591887628512,2890714
2023-08-23,1328.65869140625,1336.8215739782154,1326.4882892028038,1336.2553871075643,2559125
2023-08-24,1343.427490234375,1344.7959001035913,1334.7927652098062,1341.4457783916164,5171963
2023-08-25,1340.1246337890625,1342.3894967524275,1331.9146351420438,1333.4245053857155,4307172
2023-08-28,1335.92529296875,1344.5600182435135,1331.9146389248826,1340.124637595219,3133464
2023-08-29,1337.8126220703125,1344.182484196691,1335.5949894061973,1343.8049878463555,3074444
2023-08-30,1354.3271484375,1355.7426734265935,1343.8050563127613,1346.6361062909484,3070887
2023-08-31,1354.610107421875,1363.5279834643616,1348.1931302863495,1354.3270715575543,9792735
2023-09-01,1362.537109375,1364.56605150871,1347.7684426940095,1350.3635717684556,3582133
2023-09-04,1382.59033203125,1387.2144030806612,1353.9023376630928,1361.7349548608122,4609014
2023-09-05,1395.6131591796875,1396.6984179390004,1374.4746316780752,1382.4959391749949,5496840
2023-09-06,1394.2447509765625,1399.3878937302854,1380.8917253434734,1398.4442104942673,5075786
2023-09-07,1383.6285400390625,1390.4231295630218,1379.7123461279944,1387.7807699933055,4411743
2023-09-08,1386.8369140625,1391.6969059544413,1377.966268262909,1381.0804691400745,3125838
2023-09-11,1393.301025390625,1394.8110106789231,1382.0240571412603,1386.836818459525,4182226
2023-09-12,1416.56298828125,1419.2996929091144,1393.9145889263173,1399.0105018203205,6793161
2023-09-13,1413.9678955078125,1420.2434126960786,1404.814213278358,1420.2434126960786,4804686
2023-09-14,1422.0833740234375,1427.3680921812422,1414.722714067704,1420.2432378334304,6444213
2023-09-15,1426.4715576171875,1432.8886497053031,1424.0180042408047,1432.5111533714655,8657816
2023-09-18,1407.7867431640625,1420.1489709171335,1404.2007006727695,1420.1489709171335,3991916
2023-09-20,1406.323974609375,1410.9008153694986,1393.0651787620845,1393.0651787620845,4169337
2023-09-21,1417.1763916015625,1419.8187509120671,1392.876546698123,1402.83245156209,6779195
2023-09-22,1411.8917236328125,1422.0834336594644,1401.558322883197,1407.8810698029672,5455613
2023-09-25,1391.130615234375,1405.9463954271416,1388.677061948374,1405.9463954271416,4217863
2023-09-26,1378.390869140625,1396.5567704773268,1376.833768844053,1395.8490080875852,3996528
2023-09-27,1384.38330078125,1386.8368541443112,1368.387916083635,1374.0027852334697,3863586
2023-09-28,1358.385009765625,1389.668137185767,1354.1856647580803,1385.2328713307036,5814602
2023-09-29,1354.610107421875,1365.3210047212408,1336.2555138501698,1351.4487914981657,6068968
2023-10-03,1353.24169921875,1356.0727487987056,1340.3132855485674,1355.176295843334,4181867
2023-10-04,1363.0089111328125,1368.2935144178734,1338.3315705261853,1344.7486628552883,4510406
2023-10-05,1381.033203125,1392.546207867339,1368.5294000897452,1370.2280760143276,7384621
2023-10-06,1395.4244384765625,1400.8978476510938,1380.89180792931,1386.7425982642521,3598672
2023-10-09,1392.3572998046875,1407.0316193103831,1379.8534976880794,1382.401511387752,3567552
2023-10-10,1410.9481201171875,1412.6939111967577,1386.365123880801,1400.331682908795,5688951
2023-10-11,1410.240234375,1432.7470562504466,1398.0194674947288,1412.6937877206776,7220129
2023-10-12,1382.9678955078125,1419.6771994307865,1370.2281707794907,1407.881158015674,11081662
2023-10-13,1350.55224609375,1357.0164530290522,1321.1564911270327,1325.8749071667721,17973439
2023-10-16,1353.3834228515625,1362.301183926104,1349.4671141315482,1351.448826015256,4850745
2023-10-17,1361.2158203125,1371.5019904927271,1357.0637062836722,1359.139763298086,3923764
2023-10-18,1359.4229736328125,1372.1154674702607,1357.3468013321435,1360.791268288938,4264837
2023-10-19,1352.9114990234375,1358.5735984590779,1345.7866444886404,1345.7866444886404,6795691
2023-10-20,1346.8719482421875,1357.4883850386316,1344.9845817005976,1349.4670772368738,3928622
2023-10-23,1329.3193359375,1351.6845812486288,1326.1107900830016,1345.3147197769617,2636516
2023-10-25,1309.6279296875,1340.6946106100327,1301.2638232852796,1337.3011264807167,6940777
2023-10-26,1299.495361328125,1313.4037225318216,1293.425432963819,1295.2895038921297,6357656
2023-10-27,1319.4735107421875,1323.9184588692417,1303.510064086115,1303.510064086115,4634358
2023-10-30,1316.3192138671875,1319.4736068388588,1302.9843685148542,1319.4736068388588,2667696
2023-10-31,1308.0506591796875,1320.2383569339916,1302.888787381691,1319.091209486242,3451595
2023-11-01,1294.4290771484375,1316.701426701281,1292.0393325599298,1312.4955695749054,3090672
2023-11-02,1309.7235107421875,1315.6023060735095,1301.5983787179996,1309.580102722057,3758060
2023-11-03,1327.7900390625,1330.609891223364,1316.988346000711,1319.1869578692454,3349045
2023-11-06,1341.41162109375,1345.187371268583,1329.4628968863547,1332.4261571524366,2736381
2023-11-07,1342.367431640625,1343.896844902253,1333.334126715857,1338.2570241061694,2272209
2023-11-08,1329.6539306640625,1343.0365007785822,1325.3045487021432,1343.0365007785822,3550635
2023-11-09,1314.16845703125,1335.8672923139925,1309.627942084208,1334.3378790376025,5498051
2023-11-10,1308.4808349609375,1312.5912426618174,1300.9770596807327,1309.532299327957,2943649
2023-11-13,1312.9736328125,1321.4810309389238,1310.3926384201372,1318.9957196878306,3462092
2023-11-15,1348.2938232421875,1351.6394654834833,1331.5656120357087,1337.3009987350729,8551860
2023-11-16,1381.1768798828125,1389.3020119200721,1348.3895356930516,1353.6469740701018,6673907
2023-11-17,1374.1510009765625,1387.0077803846843,1371.7612563515027,1377.4966434516462,4901251
2023-11-20,1373.2427978515625,1387.9636477560211,1370.4229459306137,1378.4046694656904,3584210
2023-11-21,1375.5369873046875,1386.0518635106303,1373.3862171716537,1378.4046808153992,3793135
2023-11-22,1393.5079345703125,1394.6071237501212,1372.8604476288253,1372.8604476288253,3108786
2023-11-23,1385.3350830078125,1403.1626028420392,1383.8533945331003,1403.1626028420392,3186928
2023-11-24,1374.0076904296875,1388.585133676632,1370.6142061466792,1381.7982817973732,2973195
2023-11-28,1379.0738525390625,1381.272464381985,1364.1141437655754,1380.3165664827586,3755373
2023-11-29,1395.228515625,1396.279979950611,1385.86078645794,1387.103383683934,3875778
2023-11-30,1390.974853515625,1396.2322919693793,1385.6218486091534,1389.158624166977,10120867
2023-12-01,1388.25048828125,1395.5152885727716,1382.3716931915899,1395.5152885727716,3489187
2023-12-04,1399.7689208984375,1406.9859959672895,1385.382729012202,1396.0408961389428,5511948
2023-12-05,1389.82763671875,1402.2065839273646,1378.4047040499017,1401.1551196263963,5123039
2023-12-06,1409.2803955078125,1411.8612733002105,1387.0557681522066,1392.504339796941,5269178
2023-12-07,1401.250732421875,1407.8941760453777,1397.3315744322276,1407.8941760453777,4424453
2023-12-08,1425.38720703125,1428.7805746358758,1401.5853254811243,1405.5523251872717,6323433
2023-12-11,1422.85400390625,1431.935033827049,1416.6406676446506,1424.2878507358498,3862018
2023-12-12,1410.953125,1424.2878538699194,1402.9235593992216,1412.3391302636282,6103494
2023-12-13,1385.0960693359375,1410.953154434061,1369.945110824445,1410.9053128639362,8549258
2023-12-14,1435.23291015625,1444.3617821249934,1396.9014262380017,1398.8610636826302,12489858
2023-12-15,1508.7891845703125,1518.4915710516782,1453.9206248323217,1455.8802620927584,18395389
2023-12-18,1495.3587646484375,1522.7452611380822,1491.4874484033558,1498.7999735396486,6467243
2023-12-19,1489.5758056640625,1504.5355150664886,1475.1894950011726,1500.8553313370955,4221721
2023-12-20,1468.6414794921875,1513.664244871899,1462.5237099172753,1496.0279762211255,6592367
2023-12-21,1468.2591552734375,1478.4394911131726,1454.1596614321074,1454.1596614321074,5319038
2023-12-22,1493.9727783203125,1496.9360383283122,1455.8324306347506,1467.2553633074476,6741060
2023-12-26,1475.8585205078125,1479.72995368926,1455.832506116759,1467.3032809515594,6878067
2023-12-27,1497.9874267578125,1500.7595537294387,1475.9062108014352,1475.9062108014352,4225849
2023-12-28,1493.73388671875,1499.7559735167963,1486.421244397706,1499.7559735167963,5702253
2023-12-29,1474.8548583984375,1490.674898257577,1472.0827312165882,1473.0864706625732,4388990
2024-01-01,1482.9322509765625,1488.3330976934703,1467.5423174270393,1471.126934714355,2808451
2024-01-02,1466.729736328125,1480.8292301150216,1455.8324771148002,1477.81812844352,5396313
2024-01-03,1424.287841796875,1452.9169366401713,1422.3760460360738,1452.9169366401713,7550363
2024-01-04,1445.9866943359375,1452.7258211482244,1427.0599860892405,1438.5784856740531,7056038
2024-01-05,1464.9613037109375,1471.795880021783,1439.8211434607892,1440.2990923880793,8895403
2024-01-08,1455.641357421875,1468.2591629285907,1446.512485873496,1461.520036111541,4440136
2024-01-09,1461.8546142578125,1484.509346404613,1458.5566966957986,1473.89890371164,4412074
2024-01-10,1452.8692626953125,1467.7334052446217,1438.6263604406417,1457.696477148524,4096845
2024-01-11,1428.3026123046875,1457.7443146456767,1421.0378115165915,1457.6487481919037,11296088
2024-01-12,1541.6243896484375,1546.6428537908366,1486.8036665921525,1493.1125696052454,26754401
2024-01-15,1579.2388916015625,1591.5221562352574,1563.8489588039843,1572.4041983036684,13228305
2024-01-16,1559.59521484375,1575.797637048621,1553.3340371270908,1572.260861608017,6500917
2024-01-17,1567.863525390625,1574.8416260075714,1548.793410949176,1548.793410949176,9209876
2024-01-18,1570.1578369140625,1576.2756066934007,1556.4407256510187,1570.2056784828417,6375464
2024-01-19,1586.0257568359375,1592.047960310373,1571.6395633819623,1578.7609560974204,4522736
2024-01-23,1569.727783203125,1600.8421902995144,1565.473967472712,1577.3271249466136,9401255
2024-01-24,1601.5113525390625,1605.908459507506,1572.4520332677662,1586.6949352043205,8999681
2024-01-25,1595.4891357421875,1606.4342365321802,1584.8786925611853,1599.1693192603016,8865304
2024-01-29,1583.5404052734375,1605.2870820517157,1574.9373243501627,1591.71337882525,4253785
2024-01-30,1578.6175537109375,1615.4674647441532,1575.5587270796157,1589.1324307003965,4995943
2024-01-31,1587.65087890625,1593.7208073618194,1565.85635965224,1575.5587468790636,6763779
2024-02-01,1583.9705810546875,1603.040696512018,1577.5659954393996,1586.3603256827614,5760011
2024-02-02,1618.669677734375,1642.7105331394932,1591.5699957388747,1592.5737352036824,7858483
2024-02-05,1612.7908935546875,1625.7433568012889,1607.676863116418,1620.0079693893776,3634135
2024-02-06,1653.177490234375,1656.5709742770398,1600.125159552104,1612.3606987084806,7694265
2024-02-07,1619.052001953125,1652.7474015509688,1612.456283375346,1652.7474015509688,4613877
2024-02-08,1617.4747314453125,1631.096275831373,1608.5849514369859,1623.1145521074172,5919715
2024-02-09,1595.7281494140625,1618.2395918226111,1586.5993944045356,1610.401158964802,4600004
2024-02-12,1606.0040283203125,1618.287292920466,1596.6840238541126,1596.6840238541126,3555808
2024-02-13,1610.2578125,1614.607077820533,1590.1361155503755,1608.7761241185945,2696481
2024-02-14,1592.717041015625,1595.8237092037139,1563.3710220366886,1586.981653591461,3768579
2024-02-15,1602.4193115234375,1613.3165701740645,1588.3198184645914,1603.0406684532106,4834391
2024-02-16,1626.6036376953125,1633.6294637191886,1613.5077668330841,1614.5115062736743,4880654
2024-02-19,1624.787353515625,1636.0191531354565,1613.2687378690987,1629.8058171755497,3690993
2024-02-20,1610.927001953125,1619.530083405478,1595.1546859571442,1610.6880274683374,3706389
2024-02-21,1582.536865234375,1600.1731353742805,1572.738911448481,1600.1731353742805,4300508
2024-02-22,1607.1988525390625,1610.3055206013923,1571.8784730897355,1591.56994577823,5841277
2024-02-23,1602.897216796875,1623.544586122495,1598.1655693196424,1622.1585809749101,5373072
2024-02-26,1586.9339599609375,1601.0811792070997,1572.4520830923705,1601.0811792070997,2782438
2024-02-27,1590.231689453125,1597.4009235514231,1579.9080623636278,1587.7463783030657,5159088
2024-02-28,1597.5443115234375,1613.3644679098586,1588.7500978145836,1596.3494391887155,3188916
2024-02-29,1600.077392578125,1608.0591160793924,1580.3859207208031,1591.5698785984177,7814722
2024-03-01,1581.7242431640625,1598.2134823008962,1578.1874675311549,1595.3936301087206,6387291
2024-03-04,1564.9959716796875,1591.044189063121,1561.6026041977511,1584.7352863553099,4445156
2024-03-05,1535.64990234375,1565.1393278002406,1531.3483620010504,1561.9370933269142,4596579
2024-03-06,1546.212646484375,1548.697957609332,1506.4950433062636,1532.1131529001318,6420684
2024-03-07,1545.1611328125,1556.631907753789,1533.4513833932676,1545.3045408366174,6348359
2024-03-11,1530.0101318359375,1542.6280539336371,1517.9658418188064,1537.227207544475,6752895
2024-03-12,1541.8155517578125,1553.3341687298678,1527.190383135059,1529.4367199801775,4614222
2024-03-13,1540.3338623046875,1552.8561011557892,1528.050597922831,1541.7677091201592,5688997
2024-03-14,1580.385986328125,1584.6396851511913,1537.0837663840239,1543.201536055241,8803799
2024-03-15,1561.93701171875,1573.216652480523,1546.9771877489666,1568.7238627897264,11809997
2024-03-18,1531.9697265625,1560.646662323118,1528.3372680247883,1558.1135096602468,4958904
2024-03-19,1492.586669921875,1528.4806813141142,1489.2888689727267,1522.1239371945635,6870411
2024-03-20,1486.3734130859375,1505.4913713451824,1483.888101849587,1494.0684379599863,4759059
2024-03-21,1486.134521484375,1507.40325123387,1475.3329444775886,1495.024419245386,11062497
2024-03-22,1442.306396484375,1461.472194371868,1432.1260614055664,1453.9205782873328,14673890
2024-03-26,1426.8209228515625,1440.9681407588594,1422.2804081477186,1426.199565923161,8351081
2024-03-27,1418.4090576171875,1432.8909339561633,1416.210562487079,1430.0232402924753,6857402
2024-03-28,1431.9827880859375,1445.1263832225513,1421.5634784221086,1421.5634784221086,12499530
2024-04-01,1429.4974365234375,1462.4759133500354,1426.9644004934055,1457.744265523529,6580002
2024-04-02,1417.453125,1427.2989196787971,1415.5413292710493,1419.364920728951,7279400
2024-04-03,1415.3502197265625,1429.162897421445,1409.9493733658107,1413.7729648868028,8736248
2024-04-04,1421.13330078125,1429.688656634244,1403.2580574866045,1424.8136008890451,11186915
2024-04-05,1413.8685302734375,1421.1333308205046,1410.953111752927,1414.7767032710415,5072482
2024-04-08,1411.5743408203125,1425.1958854954692,1409.0890296906168,1417.5965440882405,6610887
2024-04-09,1428.9239501953125,1447.0382853834328,1421.706991073893,1424.2878687250686,9423230
2024-04-10,1440.346923828125,1443.2623422520446,1419.07819671327,1434.1813126973873,6744595
2024-04-12,1419.2694091796875,1440.347004581389,1414.2509451970686,1437.6704437826234,12275616
2024-04-15,1403.401611328125,1426.1519127319177,1396.6147591590684,1414.7289788007652,8531224
2024-04-16,1352.0697021484375,1390.9748156594471,1350.7315384733051,1387.0078161422275,16173541
2024-04-18,1356.6580810546875,1380.9856356925395,1345.4262808416224,1358.4264688147127,22107945
2024-04-19,1349.0108642578125,1363.9228476396274,1317.944183592885,1323.9185452592171,20603621
2024-04-22,1369.5626220703125,1373.4817798535273,1350.7314814096178,1357.2793582371135,5859087
2024-04-23,1378.7872314453125,1383.0409306636197,1369.8017673451934,1379.3607468800517,4856174
2024-04-24,1367.65087890625,1380.603341732745,1364.1141034583206,1380.603341732745,4268213
2024-04-25,1375.01123046875,1381.1768416797124,1357.3749616209805,1357.3749616209805,9089398
2024-04-26,1367.1728515625,1381.6547268146694,1364.0661836599809,1376.2060392505118,8062444
2024-04-29,1371.4744873046875,1376.3018182873789,1365.2611510666807,1366.8861307926888,5055957
2024-04-30,1357.9007568359375,1373.1951226538106,1355.0330632450862,1371.4266182567183,6936588
2024-05-02,1352.0697021484375,1361.1985735262108,1349.584391011653,1350.6836969048709,10076354
2024-05-03,1353.8382568359375,1361.9633890723073,1341.3159008634211,1359.3823947028181,8842345
2024-05-06,1363.0147705078125,1381.9414779654137,1354.60282273549,1357.3749498436475,6445422
2024-05-07,1377.4010009765625,1379.6951792216912,1353.1690131005055,1362.1066349247076,6080661
2024-05-08,1364.35302734375,1376.2539087215484,1362.7279310112801,1371.9523684616097,6234983
2024-05-09,1376.0628662109375,1386.0041110041313,1362.0110970934816,1364.5920914310168,6088406
2024-05-10,1362.058837890625,1372.621438873604,1350.6836304047854,1371.7612241781574,8777481
2024-05-13,1360.6728515625,1362.1545400175733,1348.9631020079628,1362.1545400175733,3735954
2024-05-14,1361.86767578125,1370.5185983513868,1355.5110481688143,1363.4927722045998,3463230
2024-05-15,1357.3271484375,1368.6546316682923,1355.9889847545019,1363.110377287932,4327544
2024-05-16,1389.254150390625,1391.548328623181,1364.0662647743634,1370.709708317029,9249145
2024-05-17,1380.603271484375,1392.74312715343,1375.7759408068457,1392.74312715343,7542860
2024-05-21,1370.9010009765625,1380.98565384154,1365.404588034105,1366.9340013416115,6752663
2024-05-22,1390.640380859375,1395.5631619401634,1365.0222691886922,1365.7391926494006,7173285
2024-05-23,1407.4639892578125,1412.9604017843287,1386.0518545128168,1390.544527642401,8641428
2024-05-24,1400.4859619140625,1410.4273232123815,1395.6109060590152,1403.4970635761294,5277938
2024-05-27,1406.4603271484375,1414.3464846850588,1395.8498839819704,1406.938276090051,5821844
2024-05-28,1402.3499755859375,1410.9052145959495,1395.8976651533342,1410.4272656750159,6186922
2024-05-29,1386.9599609375,1400.8683215518658,1386.0519046401948,1400.7727551026892,7401634
2024-05-30,1364.496337890625,1385.908473045736,1358.8566339308818,1379.1694632222848,9663150
2024-05-31,1371.760498046875,1400.8649238524729,1365.032812523725,1374.5880898199573,37113815
2024-06-03,1370.785400390625,1404.033674005501,1368.9328321553635,1404.033674005501,10589244
2024-06-04,1358.84130859375,1379.658033205682,1324.4229369059228,1373.807893135552,13736134
2024-06-05,1394.380859375,1402.0835675909418,1365.1789578532776,1365.1789578532776,9233424
2024-06-06,1435.4781494140625,1437.476994921283,1401.5960874734012,1408.85996393557,12660930
2024-06-07,1495.2958984375,1501.2435175164167,1440.3533523289473,1444.00969016698,24075302
2024-06-10,1462.291259765625,1491.5907588534046,1459.9025001820376,1487.2031538065999,6810606
2024-06-11,1458.39111328125,1468.823815070724,1456.6360237178806,1462.583761115188,4853054
2024-06-12,1448.1046142578125,1471.0664614805357,1445.7158546878306,1469.3601706387192,9564320
2024-06-13,1456.6361083984375,1467.4101641892535,1452.1510247241338,1457.6599305401555,7307565
2024-06-14,1451.7122802734375,1466.142554347695,1448.9334875481077,1466.142554347695,4237727
2024-06-18,1460.7799072265625,1469.3601601498674,1458.0499133119856,1459.6099268376586,5420939
2024-06-19,1473.6015625,1477.7942106452415,1459.3174461695942,1467.410187837327,5493456
2024-06-20,1477.5504150390625,1479.5979402789894,1461.6574867540273,1478.42795986229,7927010
2024-06-21,1494.4183349609375,1518.8427190237114,1485.6431242588264,1506.4111705290543,17301941
2024-06-24,1489.0069580078125,1490.9082059639925,1477.5504334510292,1486.4719210591036,5564989
2024-06-25,1503.437255859375,1505.3386228666056,1482.3767746181575,1487.8856805292482,4551525
2024-06-26,1502.218505859375,1510.1649703794121,1496.6609200839146,1502.5110604881513,4851004
2024-06-27,1534.052978515625,1538.976894088541,1493.784585190291,1500.0246394725445,14757754
2024-06-28,1527.6177978515625,1548.8245552176206,1525.180239533625,1533.2729807577389,8197544
2024-07-01,1551.067138671875,1559.939827043026,1520.5488612730949,1520.5488612730949,6801771
2024-07-02,1580.561767578125,1592.9933162222828,1546.8746607024498,1556.3323402976748,10493173
2024-07-03,1586.7530517578125,1595.1382289123615,1565.887527893186,1584.4129718719971,7269965
2024-07-04,1609.42236328125,1618.538808064561,1587.3380599572922,1587.5330170243992,8008311
2024-07-05,1606.30224609375,1624.242700384009,1592.5544400147564,1610.202339677658,7065022
2024-07-08,1620.1475830078125,1624.388910801362,1599.0383035499601,1602.0608521487309,5880533
2024-07-09,1615.760009765625,1625.1202103618075,1609.7635922047962,1618.441324047008,5191182
2024-07-10,1607.082275390625,1632.1891272585506,1596.649572902613,1615.613729908852,9852770
2024-07-11,1611.421142578125,1623.41397813326,1601.0372384756638,1614.6387674406476,8857679
2024-07-12,1668.996337890625,1676.7965252445756,1625.022805487011,1638.0393443296334,17078316
2024-07-15,1664.4136962890625,1684.8403883424053,1660.1235696440942,1683.0852986626521,6942230
2024-07-16,1682.9390869140625,1694.4930897114273,1657.539681248719,1675.6750916039832,6886281
2024-07-18,1714.139892578125,1721.3062905823963,1676.0651821635772,1676.0651821635772,11248896
2024-07-19,1748.1680908203125,1797.943081102566,1741.8304389617622,1797.943081102566,29819116
2024-07-22,1765.6209716796875,1777.4675289324205,1748.1680302846828,1755.1882696669777,8462126
2024-07-23,1791.0205078125,1793.9942577705635,1738.710478582206,1764.7923545401895,7113056
2024-07-24,1788.14404296875,1796.3342629947656,1774.152481560902,1791.605423504355,6002845
2024-07-25,1779.2713623046875,1785.1703012664898,1766.7423358793608,1774.5425227927356,5815599
2024-07-26,1831.971435546875,1835.9690075636295,1779.7588864220972,1779.7588864220972,11369047
2024-07-29,1824.3662109375,1855.469480366421,1817.4435687877083,1846.304236848296,4635931
2024-07-30,1830.26513671875,1832.9951307328352,1813.543462174526,1824.366197741286,2721265
2024-07-31,1821.58740234375,1838.0653210227051,1818.4673751831438,1830.1188567906963,5004209
2024-08-01,1806.3282470703125,1821.2461520384675,1799.0155718940416,1809.740828819239,7475014
2024-08-02,1775.7125244140625,1813.0559673160951,1770.788727779074,1796.9680816152534,7400938
2024-08-05,1708.1434326171875,1752.6044736236083,1675.6264276618872,1740.3678829585922,10736703
2024-08-06,1707.3634033203125,1752.0682011331073,1701.2695072438298,1716.2360922033897,7690163
2024-08-07,1746.900634765625,1752.9945307935927,1718.0886467368307,1751.1419625968092,5094329
2024-08-08,1699.612060546875,1735.492850191383,1683.9628873956328,1735.492850191383,6227910
2024-08-09,1726.5225830078125,1736.2728164287234,1712.140988711969,1727.010094678858,4258524
2024-08-12,1752.507080078125,1758.4546990040476,1723.9388468966088,1728.7652841315069,4315329
2024-08-13,1752.5556640625,1764.7922546522138,1744.365563180685,1764.7922546522138,4176918
2024-08-14,1777.71142578125,1779.4177167425098,1752.5557742866815,1756.9921783945222,7450718
2024-08-16,1812.5196533203125,1815.3472449089315,1783.805262567244,1803.7932417323866,7335657
2024-08-19,1818.2236328125,1820.9049470871198,1803.0131729829857,1813.5434730155098,2585989
2024-08-20,1825.438720703125,1838.6015363062697,1821.538627191082,1833.043950660172,3870333
2024-08-21,1825.9261474609375,1832.0688420652468,1820.4660406023306,1828.2662272635982,1966902
2024-08-22,1833.2877197265625,1846.3530568904166,1823.001175405798,1836.9440574204725,4300287
2024-08-23,1815.591064453125,1835.5790443195538,1810.6184688760034,1831.28891751955,5015935
2024-08-26,1829.2901611328125,1841.575432070603,1817.4436031129605,1823.2937434663284,3728589
2024-08-27,1852.641845703125,1855.2256813879358,1827.0962815117323,1829.2900840518048,3830679
2024-08-28,1890.667724609375,1902.2705260971802,1850.0092991588629,1859.2720208389876,6514531
2024-08-29,1885.0614013671875,1901.7830759029405,1872.9224080657316,1884.7201669932756,7228284
2024-08-30,1895.15283203125,1901.295526726158,1879.8450130912988,1889.5952465616892,13466759
2024-09-02,1915.4334716796875,1926.4024849433151,1894.2755114819659,1894.8117029397854,5573739
2024-09-03,1892.76416015625,1917.8710125060368,1888.0840002650073,1917.8710125060368,4694322
2024-09-04,1874.43359375,1879.0649546678148,1852.5931659020603,1873.1173360302705,4778310
2024-09-05,1884.866455078125,1891.5453413709522,1861.9046070627135,1878.1387700081425,4081810
2024-09-06,1854.34814453125,1888.1327275977371,1849.473027754597,1873.994888945443,5848106
2024-09-09,1847.328125,1872.8736906980234,1841.819218936854,1842.7942423455024,4772612
2024-09-10,1864.5372314453125,1886.670214257235,1848.644302962128,1857.3220347286262,6909600
2024-09-11,1862.44091796875,1877.895014611819,1857.4195237982947,1866.8772028988358,5312946
2024-09-12,1901.734375,1907.535835740706,1863.0747917550168,1876.9200766599954,8555092
2024-09-13,1895.5428466796875,1909.680685073812,1887.3039470861556,1901.7342210686957,3843127
2024-09-16,1901.539306640625,1903.2455975195487,1884.768952467765,1897.1517015233924,1570181
2024-09-17,1903.781982421875,1909.5345252500708,1893.6417152834613,1899.1018225052499,2793127
2024-09-18,1844.8905029296875,1890.3265684033404,1834.3115231145357,1890.3265684033404,6385468
2024-09-19,1846.88916015625,1876.8224480606875,1831.873895960651,1862.8795667117413,7976570
2024-09-20,1858.1507568359375,1867.169722860197,1820.758635015316,1857.4194893204572,15242974
2024-09-23,1849.0830078125,1870.9723537088278,1831.5325872912213,1861.3195986178432,3636672
2024-09-24,1851.1793212890625,1863.172156185441,1824.6587335944862,1840.8440975119734,7277616
2024-09-25,1847.9619140625,1854.1044901242792,1829.9239810020886,1839.2353831420482,4268341
2024-09-26,1852.7880859375,1870.0459512988607,1845.7191667831537,1850.399326383558,8952803
2024-09-27,1859.1258544921875,1925.2811678990213,1855.7620713951017,1883.8426736989857,14908931
2024-09-30,1828.75390625,1853.7632808251788,1823.7813106027597,1833.044033110499,6986955
2024-10-01,1856.7857666015625,1861.2708503856265,1828.1688539454187,1828.1688539454187,4029072
2024-10-03,1846.1092529296875,1864.0983863063177,1834.0189394659815,1842.3066380228454,7503887
2024-10-04,1870.2410888671875,1905.2931311832979,1838.8940639202572,1842.355444469921,10001483
2024-10-07,1885.98779296875,1893.4954254714787,1868.1936160815953,1875.1649381106677,6112575
2024-10-08,1899.8818359375,1909.0469604018253,1858.7357782951613,1889.4978132388082,5637391
2024-10-09,1903.976806640625,1927.6211223804971,1896.5178543658283,1903.7818495832903,4857163
2024-10-10,1871.06982421875,1914.9458753338329,1866.2921859597154,1908.998256653625,4782119
2024-10-11,1886.7677001953125,1898.3705021069761,1862.3921159361064,1870.094824366297,4709431
2024-10-14,1909.9732666015625,1920.3084903207136,1882.8675698277727,1883.8913919551653,3751378
2024-10-15,1910.36328125,1941.7101864726114,1903.0018074106454,1911.0457499807171,5353705
2024-10-16,1872.142333984375,1910.6070770365932,1868.4859963760694,1906.1706731299532,3111512
2024-10-17,1918.9434814453125,1928.596236666682,1881.9413919550382,1886.8651885882837,8162822
2024-10-18,1832.6539306640625,1888.474019455993,1822.5624624334712,1846.4993341440768,10526196
2024-10-21,1806.474609375,1851.3744846784607,1792.0930141849954,1843.86673306473,4654601
2024-10-22,1805.353271484375,1830.8989555222813,1800.8193889508361,1811.7884020054903,4125240
2024-10-23,1826.6087646484375,1838.8940350336711,1797.9430544019563,1799.1618335874239,4311910
2024-10-24,1816.8096923828125,1836.9439478876664,1813.5433880419637,1814.90844450391,2906475
2024-10-25,1815.542236328125,1829.4849985119592,1800.2830974337767,1816.9071737708175,4689120
2024-10-28,1818.759765625,1834.8964495297284,1810.6183445306106,1813.250859943176,7018940
2024-10-29,1813.7799072265625,1825.9091734808057,1803.6227707551052,1820.3868971098545,4621252
2024-10-30,1777.0960693359375,1813.4841106394226,1771.4258498491638,1806.5812347424808,5919715
2024-10-31,1732.868408203125,1763.0931679230187,1722.2675629117984,1763.0931679230187,7395236
2024-11-01,1736.4183349609375,1741.4969032331146,1727.7405064233335,1740.017715602962,371966
2024-11-04,1739.1795654296875,1742.4830604559677,1694.1629303131592,1700.5727434953685,7336722
2024-11-05,1729.860595703125,1743.9128783247852,1720.7882929682014,1735.5801694120541,3160880
2024-11-06,1798.3963623046875,1801.8478002805573,1738.1934949801216,1739.5247398383508,10421494
2024-11-07,1778.032958984375,1800.3685968171349,1762.2056025400752,1787.7955014436675,4550965
2024-11-08,1804.5595703125,1815.0618266546207,1787.9927409344914,1792.775423572222,4210960
2024-11-11,1834.291259765625,1842.081672068644,1797.2623347827093,1803.6227934762044,3804234
2024-11-12,1842.87060546875,1854.9012833451236,1835.1787816614965,1845.1386209364089,5012450
2024-11-13,1842.4761962890625,1847.2095246339784,1830.544106425298,1835.2774347702136,4257495
2024-11-14,1838.6795654296875,1849.9706494411498,1830.2481478479606,1839.714924537372,4311431
2024-11-18,1786.3162841796875,1823.5425071201328,1770.0945742542924,1823.5425071201328,4839244
2024-11-19,1799.4317626953125,1833.8967865305349,1795.2900854570928,1800.1713565147516,4669769
2024-11-21,1808.602783203125,1841.095557014798,1795.339328415918,1816.442429577535,5436504
2024-11-22,1875.8564453125,1887.4927694808482,1808.553408176173,1828.374498334409,6301486
2024-11-25,1863.4805908203125,1892.6699906690035,1855.8874755481472,1889.4157296228746,12764638
2024-11-26,1897.45263671875,1911.702096274213,1870.9752018384395,1878.518962558038,6850495
2024-11-27,1897.7977294921875,1914.4632675339492,1885.224634635848,1903.3200059027895,4447143
2024-11-28,1830.88916015625,1888.3309462638708,1825.9585347392867,1888.3309462638708,8468790
2024-11-29,1832.072509765625,1850.9568296791742,1819.4008261897052,1825.4161652795651,5244346
2024-12-02,1853.718017578125,1856.6763928884145,1809.7367416638726,1833.2065672761437,2868263
2024-12-03,1865.8472900390625,1873.391171179535,1845.1880172073568,1860.8180760709474,4715792
2024-12-04,1863.036865234375,1887.3941073159906,1848.9845824080737,1857.8597084036323,4705573
2024-12-05,1908.004150390625,1922.845381488632,1862.7409836386182,1873.6377142854979,9050038
2024-12-06,1895.7269287109375,1911.061101890244,1885.8656776464575,1905.9826538933166,3573331
2024-12-09,1896.9595947265625,1903.4186419806354,1870.876513302606,1897.5018913119027,4274645
2024-12-10,1921.51416015625,1938.3275213087989,1905.193741189519,1912.096617063394,6174921
2024-12-11,1946.7589111328125,1950.5554687332371,1924.9162158580782,1927.8745911898272,5025612
2024-12-12,1959.4305419921875,1971.0668661345264,1943.2088325103296,1947.7942178498488,6462130
2024-12-13,1971.954345703125,1978.6106902340612,1926.6912991940405,1942.419946638723,5362693
2024-12-16,1952.5770263671875,1971.8556995891386,1950.1609476784474,1967.7632564033934,3119221
2024-12-17,1949.1749267578125,1954.5000265866995,1930.8330232375165,1940.6942746330094,5811050
2024-12-18,1951.6895751953125,1957.4090287235867,1934.3830310124576,1939.5109539146308,3064095
2024-12-19,1919.1966552734375,1932.5586987644317,1893.360225349003,1907.165976992173,5323592
2024-12-20,1895.4803466796875,1952.4783040802065,1884.7315592319012,1947.7449759219587,11056720
2024-12-23,1897.6005859375,1913.0827019209628,1882.5128236943906,1903.270805285977,2781793
2024-12-24,1882.5621337890625,1915.0549070531515,1814.4701488042217,1900.312385244756,2360544
2024-12-26,1880.93505859375,1893.1136796250162,1875.9058446088604,1882.5621891003143,3623321
2024-12-27,1890.1552734375,1897.4526232065393,1877.4835900581845,1882.907278073787,3937500
2024-12-30,1879.554443359375,1889.4156943738521,1860.325003881144,1889.1198086927782,7789055
